TU,F S Number,Item,Part,Count,Comment,ACCOUNTED
8,146,UIDCEW,R,1,NA,NA
8,146,UIDCEW,B,5,NA,NA
8,146,OJ,B,57,NA,NA
8,146,OJGL,B,28,NA,NA
8,146,ORMIC,B,5,NA,NA
8,146,MARINE,B,1,POSSIBLE,NA
8,146,MEXRED,R,1,NA,NA
8,146,MEXRED,B,9,NA,NA
8,146,GUADA,R,1,NA,NA
8,146,GUADA,B,2,NA,NA
8,146,SLIPSTF,B,12,NA,NA
8,146,SLIPSTF,HA,3,NA,NA
8,146,SLIPMOR,B,1,NA,NA
8,146,ELMOR,BA,1,NA,NA
8,146,ELMOR,B,3,NA,NA
8,146,AGATE,R,1,NA,NA
8,146,AGATE,B,3,NA,NA
8,146,BLGCE,B,3,NA,NA
8,146,FAI,R,2,NA,NA
8,146,FAI,B,4,NA,NA
8,146,DELFTP,B,9,NA,NA
8,146,DELFTBW,B,11,NA,NA
8,146,BISQ,B,3,NA,NA
8,146,UIDTE,B,5,NA,NA
8,146,UIDMAJ,R,2,NA,NA
8,146,UIDMAJ,B,12,NA,NA
8,146,CP,R,1,NA,NA
8,146,CP,B,11,NA,NA
8,146,STODOM,R,2,NA,NA
8,146,STODOM,B,3,NA,NA
8,146,SEVBB,B,9,NA,NA
8,146,SLBW,B,1,NA,NA
8,146,MXCGC,BA,1,NA,NA
8,146,PUEPOLY,B,1,NA,NA
8,146,PUEBW,R,5,NA,NA
8,146,PUEBW,B,9,NA,NA
8,146,SABW,B,1,NA,NA
8,146,AUCILLA,B,1,NA,NA
8,146,PLAYA,B,2,NA,NA
8,146,CW,R,4,NA,NA
8,146,CW,B,50,NA,NA
8,146,CW,BA,2,NA,NA
8,146,PW,B,1,NA,NA
8,146,PWHP,B,1,NA,NA
8,146,PWSE,R,1,NA,NA
8,146,PWA,R,1,NA,NA
8,146,PWFB,B,2,NA,NA
8,146,PWTP,B,4,NA,NA
8,146,WW,B,1,NA,NA
8,146,WW,BA,1,NA,NA
8,146,WSGS,R,3,NA,NA
8,146,WSGS,B,7,NA,NA
8,146,WSGS,BA,2,NA,NA
8,146,UIDSW,B,2,BL/GY,NA
8,146,RHEN,B,1,NA,NA
8,146,PORMING,R,4,NA,NA
8,146,PORMING,B,7,NA,NA
8,146,POROG,R,1,NA,NA
8,146,POROG,B,3,NA,NA
8,244,OJGL,B,1,NA,Y
8,244,ORMIC,B,1,NA,N
8,244,MEXRED,B,1,NA,N
8,244,DELFTBW,R,1,NA,Y
8,244,DELFTBW,B,1,NA,Y
8,244,FAI,B,1,NA,Different
8,244,UIDMAJ,B,1,NA,Y
8,244,STODOM,B,1,NA,Y
8,244,CW,R,3,NA,Y
8,244,CW,B,19,NA,Y
8,244,CWHP,B,2,GAUDY HAND-PAINTED,Y
8,244,PW,B,1,NA,Y
8,244,REDWAR,B,1,NA,N
8,244,WSGS,R,1,NA,Y
8,244,WSGS,B,1,NA,Y
8,244,SGS,B,1,BR,Y
8,244,POROG,B,3,NA,Y
8,245,UIDCEW,R,1,NA,NA
8,245,UIDCEW,B,1,NA,NA
8,245,OJ,R,1,NA,NA
8,245,OJ,B,25,NA,NA
8,245,OJGL,B,6,NA,NA
8,245,SSJ,B,2,NA,NA
8,245,REDWAR,B,1,NA,NA
8,245,REDWAR,B,1,NA,NA
8,245,MEXRED,B,16,NA,NA
8,245,SLIPSTF,B,2,NA,NA
8,245,ELMOR,B,3,NA,NA
8,245,BLGRBACIN,R,1,NA,NA
8,245,MARINE,R,1,POSSIBLE,NA
8,245,DELFTBW,B,3,NA,NA
8,245,BISQ,B,2,NA,NA
8,245,UIDMAJ,B,1,NA,NA
8,245,SEVBB,B,1,NA,NA
8,245,MXCP,B,1,NA,NA
8,245,ABOPOLY,B,1,NA,NA
8,245,PUEPOLY,B,3,NA,NA
8,245,SABW,B,1,NA,NA
8,245,CW,R,1,NA,NA
8,245,CW,B,5,NA,NA
8,245,PWHP,B,2,EARLY,NA
8,245,AGATE,B,2,NA,NA
8,245,JACK,B,1,NA,NA
8,245,POREUR,B,1,NA,NA
8,246,UIDCEW,B,2,NA,NA
8,246,OJ,R,1,NA,NA
8,246,OJ,B,7,NA,NA
8,246,OJGL,BA,1,NA,NA
8,246,ORMIC,B,1,NA,NA
8,246,REDWAR,B,1,NA,NA
8,246,SLIPSTF,B,2,NA,NA
8,246,BISQ,B,1,NA,NA
8,246,FAI,B,1,NA,NA
8,246,UIDMAJ,R,1,NA,NA
8,246,SEVBB,B,1,NA,NA
8,246,CW,B,1,NA,NA
8,246,POREUR,BA,1,NA,NA
8,251,OJ,B,5,NA,NA
8,251,OJGL,B,2,NA,NA
8,251,REDWAR,B,1,NA,NA
8,251,MEXRED,R,1,NA,NA
8,251,SLIPSTF,R,1,NA,NA
8,251,ELMOR,B,1,NA,NA
8,251,DELFTBW,B,1,NA,NA
8,251,CP,B,1,NA,NA
8,251,FIGSP,B,1,NA,NA
8,251,CW,B,1,NA,NA
8,251,PW,B,1,NA,NA
8,260,OJ,B,4,NA,NA
8,260,OJGL,B,9,NA,NA
8,260,ELMOR,B,1,NA,NA
8,260,UIDGLCE,R,1,NA,NA
8,260,UIDMAJ,R,1,NA,NA
8,260,CP,B,1,NA,NA
8,260,SEVBB,B,3,NA,NA
8,260,MXCGC,B,1,NA,NA
8,260,ELMOR,B,1,NA,NA
8,252,UIDCEW,B,12,NA,NA
8,252,UIDCEW,R,2,NA,NA
8,252,MEXRED,B,1,NA,NA
8,252,SEVBB,R,1,NA,NA
8,252,TALLBW,B,1,NA,NA
8,252,PUEBW,B,1,NA,NA
8,253,OJ,B,2,NA,NA
8,253,OJGL,B,1,NA,NA
8,253,SLIPSTF,B,1,NA,NA
8,253,UIDMAJ,R,1,ORANGE AND BLUE,NA
8,253,CP,B,1,NA,NA
8,253,PUEBW,B,1,NA,NA
8,253,PW,B,1,NA,NA
8,253,SGS,B,1,BROWN WHITE,NA
8,254,OJ,B,1,NA,NA
8,254,OJGL,B,1,NA,NA
8,254,SLIPMOR,R,1,NA,NA
8,254,SLIPSTF,B,1,NA,NA
8,254,DELFT,B,1,NA,NA
8,254,UIDMAJ,B,1,DKBR/WH,NA
8,255,UIDCEW,B,1,NA,NA
8,255,OJGL,R,1,MIDDLE STYLE,NA
8,255,MEXRED,B,2,NA,NA
8,255,SLIPSTF,B,1,NA,NA
8,255,DELFT,B,2,NA,NA
8,255,DELFTBW,B,2,NA,NA
8,255,CP,B,1,NA,NA
8,255,SEVBB,B,1,NA,NA
8,256,OJ,B,1,NA,NA
8,256,UIDGLCE,B,1,NA,NA
8,256,DELFT,B,1,NA,NA
8,257,OJ,B,5,NA,NA
8,257,OJGL,B,1,NA,NA
8,257,SEVBB,B,1,NA,NA
8,257,SABW,R,1,NA,NA
8,257,PANBW,B,1,NA,NA
8,257,MXCGC,B,2,NA,NA
8,258,OJ,B,5,NA,NA
8,258,OJGL,B,2,NA,NA
8,258,SLIPSTF,B,1,NA,NA
8,258,CP,B,1,NA,NA
8,258,CW,B,2,NA,NA
8,259,OJGL,B,2,NA,NA
8,259,SSJ,B,1,NA,NA
8,259,REDWAR,B,1,FINE,NA
8,259,CP,B,1,NA,NA
8,259,SEVBB,B,1,NA,NA
8,259,PUEBW,R,1,NA,NA
8,259,PUEBW,B,1,NA,NA
8,266,OJ,B,9,NA,N
8,266,OJGL,B,1,NA,Y
8,266,SSJ,B,1,NA,NA
8,266,REDWAR,B,1,FINE,NA
8,266,MEXRED,R,1,NA,NA
8,266,MEXRED,B,3,NA,NA
8,266,SLIPSTF,B,1,NA,Y
8,266,BLGCE,HA,1,NA,Y
8,266,DELFTBW,B,4,NA,Y
8,266,UIDBW,B,2,NA,NA
8,266,UIDMAJ,B,3,NA,NA
8,266,STODOM,R,1,NA,Y
8,266,SEVBB,B,1,NA,Y
8,266,HUEJOT,R,1,NA,Y
8,266,NOPAL,B,1,NA,NA
8,266,PUEBW,B,1,NA,NA
8,266,SANELIZARIO,R,2,NA,NA
8,266,CW,R,9,NA,NA
8,266,CW,B,26,NA,NA
8,266,CW,BA,1,NA,NA
8,266,CW,B,1,POSSIBLE,NA
8,266,PWLP,B,1,NA,N
8,266,AGATE,R,1,NA,NA
8,266,AGATE,B,4,NA,NA
8,266,WSGS,R,2,NA,NA
8,266,WSGS,B,5,NA,NA
8,266,SGS,B,1,BR/GY,NA
8,266,ELERS,HA,1,NA,NA
8,266,IRNSTN,R,1,NA,N
8,266,POROG,WHOLE,1,COMPLETE BOWL/CUP,N
8,267,OJGL,B,1,NA,NA
8,267,ELMOR,B,1,NA,NA
8,268,UIDCEW,B,1,NA,NA
8,268,OJ,B,2,NA,NA
8,268,SSJ,B,1,NA,NA
8,268,MEXRED,B,2,NA,NA
8,268,ELMOR,B,1,NA,NA
8,268,DELFT,B,1,NA,NA
8,268,DELFTBW,R,2,NA,NA
8,268,DELFTBW,B,1,NA,NA
8,268,UIDMAJ,B,1,NA,NA
8,268,PUEBW,B,1,NA,NA
8,270,OJ,B,7,NA,NA
8,270,OJGL,B,3,NA,NA
8,270,ORANGEWARE,B,2,NA,NA
8,270,CP,B,1,NA,NA
8,270,STODOM,B,1,NA,NA
8,270,SEVBB,B,1,NA,NA
8,270,AGATE,B,1,NA,NA
8,270,WSGS,B,1,NA,NA
8,271,OJ,B,3,NA,NA
8,271,OJGL,B,1,NA,NA
8,271,SSJ,B,1,NA,NA
8,271,UIDSLIP,R,1,NA,NA
8,271,ELMOR,B,3,NA,NA
8,271,DELFT,B,1,NA,NA
8,271,UIDMAJ,B,1,NA,NA
8,271,CP,B,1,NA,NA
8,271,SEVBB,B,1,NA,NA
8,271,CW,B,2,NA,NA
8,271,WSGS,B,1,NA,NA
8,272,UIDCEW,B,2,NA,NA
8,272,OJ,B,26,NA,NA
8,272,OJGL,B,5,NA,NA
8,272,SSJ,BA,1,NA,NA
8,272,ORMIC,B,1,NA,NA
8,272,ORMIC,BA,1,NA,NA
8,272,BLGRBACIN,B,1,NA,NA
8,272,MARINE,B,3,NA,NA
8,272,MEXRED,B,2,NA,NA
8,272,ELMOR,B,2,NA,NA
8,272,UIDGLCE,B,2,GR,NA
8,272,REDWAR,B,2,NA,NA
8,272,REDWAR,BA,1,NA,NA
8,272,UIDMAJ,B,1,NA,NA
8,272,CP,B,3,NA,NA
8,272,SEVBB,R,2,NA,NA
8,272,SEVBB,B,3,NA,NA
8,273,UIDCEW,B,1,NA,NA
8,273,OJ,B,1,NA,NA
8,275,OJ,R,1,NA,NA
8,275,OJ,B,17,NA,NA
8,275,OJGL,B,3,NA,NA
8,275,SSJ,B,1,NA,NA
8,275,ORMIC,B,1,NA,NA
8,275,MEXRED,B,1,NA,NA
8,275,SLIPSTF,B,1,NA,NA
8,275,SLIPSTF,B,1,NA,NA
8,275,ELMOR,B,1,NA,NA
8,275,UIDGLCE,B,1,NA,NA
8,275,DELFT,B,1,NA,NA
8,275,BISQ,R,1,NA,NA
8,275,UIDTE,B,1,NA,NA
8,275,UIDMAJ,R,1,NA,NA
8,275,UIDMAJ,B,3,NA,NA
8,275,UIDBW,B,1,NA,NA
8,275,ISABELA,R,1,NA,NA
8,275,CAPBLU,B,2,NA,NA
8,275,SEVBB,B,1,NA,NA
8,275,HUEJOT,R,1,NA,NA
8,275,MXCBC,B,1,NA,NA
8,275,PUEBW,R,1,NA,NA
8,275,PUEBW,B,2,NA,NA
8,275,SABW,B,1,NA,NA
8,275,ARANAMA,B,1,NA,NA
8,275,CW,R,1,NA,NA
8,275,CW,B,2,NA,NA
8,275,PWA,R,1,NA,NA
8,275,PORMING,R,1,NA,NA
8,275,POROG,B,1,NA,NA
8,276,OJ,B,2,NA,NA
8,276,OJGL,B,1,NA,NA
8,276,SSJ,B,2,NA,NA
8,276,ELMOR,B,1,NA,NA
8,276,UIDMAJ,B,1,NA,NA
8,276,CP,R,1,NA,NA
8,276,PUEBW,B,1,NA,NA
8,276,CW,B,1,NA,NA
8,276,WSGS,B,1,NA,NA
8,276,SGS,B,1,BR/GY,NA
8,287,OJ,R,1,NA,NA
8,287,OJ,B,2,NA,NA
8,287,OJGL,B,1,NA,NA
8,287,ELMOR,B,1,NA,NA
8,287,SEVBB,B,1,NA,NA
8,288,UIDCEW,B,1,NA,NA
8,288,OJ,B,5,NA,NA
8,288,OJGL,B,5,NA,NA
8,288,SSJ,BA,1,NA,NA
8,288,REDWAR,B,1,NA,NA
8,288,MEXRED,B,3,NA,NA
8,288,MEXRED,BA,1,NA,NA
8,288,GUADA,B,1,NA,NA
8,288,SLIPSTF,B,5,NA,NA
8,288,ELMOR,B,1,NA,NA
8,288,UIDGLCE,B,1,NA,NA
8,288,BLGCE,B,1,NA,NA
8,288,MARINE,BA,1,NA,NA
8,288,FAI,B,1,NA,NA
8,288,UIDBW,R,1,NA,NA
8,288,PUEBW,B,1,NA,NA
8,288,NOPAL,BA,1,NA,NA
8,288,UIDGLCE,B,3,NA,NA
8,288,WSGS,B,1,NA,NA
8,288,SGS,BA,1,BR,NA
8,288,RHEN,HA,1,NA,NA
8,288,POREUR,B,1,NA,NA
8,288,POREUR,BA,1,NA,NA
8,298,OJ,R,1,NA,NA
8,298,OJ,B,2,NA,NA
8,298,MEXRED,B,1,NA,NA
8,298,SLIPSTF,B,1,NA,NA
8,298,REDWAR,B,1,GR,NA
8,298,DELFTPOLY,B,2,NA,NA
8,298,SANELIZARIO,R,1,NA,NA
8,298,CW,R,1,NA,NA
8,298,CW,B,4,NA,NA
8,298,CW,R,2,BEADED,NA
8,298,CW,B,1,BEADED,NA
8,298,CW,BA,1,BEADED,NA
8,298,NOTT,B,1,NA,NA
8,298,PORMING,R,1,NA,NA
8,298,POREUR,B,3,NA,NA
8,299,OJGL,B,1,NA,NA
8,299,SLIPSTF,R,1,NA,NA
8,299,ELMOR,R,1,NA,NA
8,299,ELMOR,B,2,NA,NA
8,299,DELFT,B,1,NA,NA
8,299,DELFT,HA,1,NA,NA
8,299,DELFTBW,B,1,NA,NA
8,299,BISQ,B,1,NA,NA
8,299,UIDMAJ,R,1,NA,NA
8,299,PUEBW,B,1,NA,NA
8,299,CW,B,3,NA,NA
8,299,WSGS,R,1,NA,NA
8,299,WSGS,HA,1,NA,NA
8,301,MEXRED,B,1,NA,NA
8,301,BLGRBACIN,B,1,NA,NA
8,301,DELFTBW,B,1,NA,NA
8,301,WSGS,B,1,NA,NA
8,302,UIDCEW,B,2,NA,NA
8,302,OJ,R,1,NA,NA
8,302,OJ,B,16,NA,NA
8,302,OJGL,B,2,NA,NA
8,302,ORANGEWARE,B,2,NA,NA
8,302,GREYW,B,1,NA,NA
8,302,MEXRED,B,3,NA,NA
8,302,GUADA,B,1,NA,NA
8,302,SLIPSTF,B,1,NA,NA
8,302,SLIPSTF,R,2,NA,NA
8,302,SLIPSTF,B,4,NA,NA
8,302,ELMOR,R,1,NA,NA
8,302,ELMOR,B,3,NA,NA
8,302,ELMOR,BA,1,NA,NA
8,302,MARINE,B,1,NA,NA
8,302,BLGRBACIN,BA,1,NA,NA
8,302,MELADO,B,1,NA,NA
8,302,DELFT,B,2,NA,NA
8,302,DELFTBW,R,1,NA,NA
8,302,DELFTBW,B,1,NA,NA
8,302,UIDTE,R,1,NA,NA
8,302,UIDMAJ,B,2,NA,NA
8,302,CP,R,1,NA,NA
8,302,STODOM,B,2,NA,NA
8,302,SEVBB,B,4,NA,NA
8,302,ICHBW,B,1,NA,NA
8,302,PUEBW,B,3,NA,NA
8,302,TALAVERA POLY,B,1,NA,NA
8,302,HUEJOT,R,1,NA,NA
8,302,CW,B,2,NA,NA
8,302,CW,BA,1,NA,NA
8,302,WSGS,R,1,NA,NA
8,302,PORUID,B,1,NA,NA
8,302,POROG,B,1,NA,NA
8,303,MXCW,R,1,NA,NA
8,303,CW,B,1,NA,NA
8,303,WSGS,R,1,EMBOSSED,NA
8,305,OJ,B,1,NA,NA
8,305,UIDCEW,R,1,NO GLAZE,NA
8,305,UIDMAJ,B,1,NA,NA
8,306,OJ,B,6,NA,NA
8,306,OJGL,B,2,NA,NA
8,306,SSJ,B,1,NA,NA
8,306,MEXRED,B,3,NA,NA
8,306,ELMOR,B,2,NA,NA
8,306,DELFTBW,R,1,NA,NA
8,306,DELFTBW,B,1,NA,NA
8,306,FAIBW,B,1,NA,NA
8,306,STODOM,B,1,NA,NA
8,306,SLBW,B,1,NA,NA
8,306,FIGSP,B,1,NA,NA
8,306,MXCW,B,1,NA,NA
8,306,SGS,B,2,BR,NA
8,307,UIDCEW,B,1,NA,NA
8,307,OJ,B,15,NA,NA
8,307,OJGL,B,3,NA,NA
8,307,ORMIC,B,1,NA,NA
8,307,MEXRED,B,3,NA,NA
8,307,SLIPSTF,R,1,NA,NA
8,307,ELMOR,B,2,NA,NA
8,307,DELFT,B,1,NA,NA
8,307,UIDMAJ,R,1,NA,NA
8,307,UIDMAJ,B,1,NA,NA
8,307,MXCW,B,1,NA,NA
8,307,WSGS,BA,1,NA,NA
8,312,OJ,B,4,NA,NA
8,312,OJGL,B,1,NA,NA
8,312,ELMOR,B,1,NA,NA
8,312,UIDBW,B,1,NA,NA
8,312,YAYAL,BA,1,"POSSIBLE, FEET BASE BACIN",NA
8,312,CW,R,2,NA,NA
8,312,CW,B,3,NA,NA
8,312,PW,B,1,NA,NA
8,312,WSGS,R,1,NA,NA
8,312,WSGS,B,2,NA,NA
8,312,RHEN,B,1,NA,NA
8,312,PORMING,R,1,NA,NA
8,312,PORMING,B,1,NA,NA
8,313,OJ,B,2,NA,NA
8,313,DELFT,B,1,NA,NA
8,313,DELFTBW,R,1,NA,NA
8,313,DELFTBW,B,1,NA,NA
8,313,PUEBW,B,1,NA,NA
8,314,OJ,B,3,NA,NA
8,314,OJGL,B,4,NA,NA
8,314,GUADA,B,1,NA,NA
8,314,ELMOR,B,1,NA,NA
8,314,BISQ,R,1,NA,NA
8,314,LUSTER,B,1,GREEN GLAZE BOTH SIDES,NA
8,314,SLBW,R,1,NA,NA
8,314,MXCW,B,1,NA,NA
8,314,PANBW,B,1,NA,NA
8,314,PANP,B,1,NA,NA
8,317,ELMOR,B,1,NA,NA
8,317,FAI,B,1,NA,NA
8,318,CW,B,1,NA,NA
8,319,OJ,B,5,NA,NA
8,319,CP,B,1,NA,NA
8,319,MXCW,R,1,NA,NA
8,320,OJ,B,1,NA,NA
8,320,OJGL,B,2,NA,NA
8,320,DELFT,B,1,NA,NA
8,320,CP,R,1,NA,NA
8,320,PUEBW,B,1,NA,NA
8,320,CW,R,1,NA,NA
8,320,WWFB,B,1,NA,NA
8,321,OJ,B,11,NA,NA
8,321,OJGL,B,4,NA,NA
8,321,ORMIC,R,1,NA,NA
8,321,MEXRED,R,1,NA,NA
8,321,GUADA,HA,1,NA,NA
8,321,UIDGLCE,B,1,NA,NA
8,321,SLIPSTF,B,1,NA,NA
8,321,SLIPSTF,B,2,NA,NA
8,321,ELMOR,B,1,NA,NA
8,321,DELFT,R,1,NA,NA
8,321,DELFT,B,1,NA,NA
8,321,DELFTBW,B,1,NA,NA
8,321,UIDMAJ,B,5,NA,NA
8,321,STODOM,B,1,NA,NA
8,321,ICHBW,B,1,NA,NA
8,321,SABW,B,1,NA,NA
8,321,FIGSP,B,1,NA,NA
8,321,MXCBC,B,1,NA,NA
8,321,MXCW,B,1,NA,NA
8,321,WSGS,B,1,NA,NA
8,322,OJGL,B,2,NA,NA
8,322,CP,B,1,NA,NA
8,322,SEVBB,B,1,NA,NA
8,328,BISQ,B,1,NA,NA
8,332,OJ,B,6,NA,NA
8,332,MERIDA,R,1,POSSIBLE,NA
8,332,ELMOR,B,1,NA,NA
8,332,CP,B,1,NA,NA
8,333,OJ,B,2,NA,NA
8,333,OJGL,B,1,NA,NA
8,333,STODOM,B,1,NA,NA
8,333,WW,B,1,NA,NA
8,NA,OJ,R,2,NA,NA
8,340,OJ,B,26,NA,NA
8,340,OJGL,B,17,NA,NA
8,340,UIDCEW,BA,1,NA,NA
8,340,MEXRED,R,1,NA,NA
8,340,MEXRED,B,5,NA,NA
8,340,UIDGLCE,B,3,NA,NA
8,340,SLIPSTF,R,1,NA,NA
8,340,SLIPSTF,B,2,NA,NA
8,340,ELMOR,B,3,NA,NA
8,340,DELFT,B,1,NA,NA
8,340,DELFTBW,R,1,NA,NA
8,340,DELFTBW,B,5,NA,NA
8,340,BISQ,B,1,NA,NA
8,340,UIDBW,R,1,NA,NA
8,340,UIDBW,B,5,NA,NA
8,340,UIDMAJ,R,1,NA,NA
8,340,UIDMAJ,B,2,NA,NA
8,340,UIDPOLY,B,1,NA,NA
8,340,CP,R,1,NA,NA
8,340,CP,B,1,NA,NA
8,340,YAYAL,B,1,NA,NA
8,340,CAPBLU,B,4,NA,NA
8,340,SABW,R,1,NA,NA
8,340,SABW,B,2,NA,NA
8,340,FIGSP,B,1,NA,NA
8,340,SLPOLY,R,1,NA,NA
8,340,UIDMEX,B,1,NA,NA
8,340,ABOPOLY,R,1,NA,NA
8,340,PUEPOLY,B,1,NA,NA
8,340,PUEBW,B,3,NA,NA
8,340,CW,R,3,NA,NA
8,340,CW,B,6,NA,NA
8,340,CW,BA,1,NA,NA
8,340,PWSE,B,1,NA,NA
8,340,NOTT,B,1,NA,NA
8,340,UIDSW,BA,1,NA,NA
8,340,WSGS,BA,4,NA,NA
8,340,DSBSW,R,1,NA,NA
8,340,PORUID,R,1,NA,NA
8,352,FAI,B,1,NA,NA
8,360,OJ,B,1,NA,NA
8,360,UIDGLCE,B,1,NA,NA
8,360,SLIPSTF,B,1,NA,NA
8,360,BISQ,B,1,NA,NA
8,360,CW,R,7,NA,NA
8,360,CW,B,7,NA,NA
8,360,CW,BA,4,NA,NA
8,360,CW,HA,1,NA,NA
8,360,WHEILD,B,1,NA,NA
8,360,CW,R,3,CHAMBER POT,NA
8,360,CW,B,10,CHAMBER POT,NA
8,360,WSGS,B,3,NA,NA
8,360,WSGS,BA,1,NA,NA
8,360,RHEN,B,1,NA,NA
8,360,PORUID,R,1,NA,NA
8,360,PORUID,B,1,NA,NA
8,360,POROG,R,2,NA,NA
8,360,POROG,B,1,NA,NA
8,361,OJ,B,1,NA,NA
8,361,DELFT,B,1,NA,NA
8,361,UIDMAJ,B,1,NA,NA
8,361,PORUID,B,1,NA,NA
8,362,OJ,B,8,NA,NA
8,362,MEXRED,B,3,NA,NA
8,362,GUADA,B,3,NA,NA
8,362,LDGLCE,B,1,NA,NA
8,362,LDGLCE,BA,1,WHITE INT. OJ LIKE PASTE,NA
8,362,MARINE,R,1,NA,NA
8,362,UIDMAJ,B,2,NA,NA
8,362,SLBW,R,1,NA,NA
8,362,WSGS,B,1,NA,NA
8,363,DELFT,B,1,NA,NA
8,363,SLBW,R,1,NA,NA
8,364,MEXRED,B,12,NA,NA
8,378,UIDCEW,B,1,NA,NA
8,378,OJ,B,1,NA,NA
8,391,OJ,B,36,NA,NA
8,391,OJGL,B,10,NA,NA
8,391,UIDDEC,B,1,"SWIRL DESIGN BW, RED PASTE",NA
8,391,LDGLCE,R,1,NA,NA
8,391,LDGLCE,B,2,NA,NA
8,391,SLIPMOR,B,2,NA,NA
8,391,SLIPSTF,R,1,NA,NA
8,391,SLIPSTF,B,7,NA,NA
8,391,SLIPSTF,HA,1,NA,NA
8,391,ELMOR,B,4,NA,NA
8,391,UIDGLCE,B,1,NA,NA
8,391,REY,R,1,NA,NA
8,391,DELFTBW,R,3,NA,NA
8,391,DELFTBW,B,6,NA,NA
8,391,BISQ,B,3,NA,NA
8,391,FAIBW,R,1,NA,NA
8,391,UIDBW,R,1,NA,NA
8,391,UIDMAJ,R,2,NA,NA
8,391,UIDMAJ,B,3,NA,NA
8,391,CP,BA,1,NA,NA
8,391,SEVBB,R,1,NA,NA
8,391,SLPOLY,B,2,NA,NA
8,391,ABOPOLY,B,1,NA,NA
8,391,PUEPOLY,B,1,NA,NA
8,391,PUEBW,R,2,NA,NA
8,391,PUEBW,B,4,NA,NA
8,391,REFEW,R,1,NA,NA
8,391,CW,B,11,NA,NA
8,391,CW,BA,2,NA,NA
8,391,WHEILD,HA,1,NA,NA
8,391,PWHP,B,1,POLY,NA
8,391,JACK,B,2,NA,NA
8,391,SGS,B,1,BR,NA
8,391,PORUID,B,1,NA,NA
8,391,POREXP,R,1,NA,NA
8,391,POREXP,B,1,NA,NA
8,391,POROG,R,1,NA,NA
8,391,POROG,B,1,NA,NA
8,392,OJ,B,1,NA,NA
8,393,UIDCEW,B,2,NA,NA
8,393,OJ,B,11,NA,NA
8,393,OJGL,B,7,NA,NA
8,393,BLGRBACIN,R,1,NA,NA
8,393,UIDDEC,B,1,G/W INTERIOR GLAZE,NA
8,393,MEXRED,B,1,NA,NA
8,393,LDGLCE,B,1,NA,NA
8,393,SLIPSTF,B,3,NA,NA
8,393,SLIPSTF,BA,1,NA,NA
8,393,ELMOR,B,1,NA,NA
8,393,DELFTBW,B,3,NA,NA
8,393,FAIBW,B,1,NA,NA
8,393,UIDMAJ,R,1,WEATHERED,NA
8,393,UIDMAJ,B,5,WEATHERED,NA
8,393,UIDMAJ,R,1,NA,NA
8,393,UIDMEX,B,1,NA,NA
8,393,STODOM,R,1,POSSIBLE,NA
8,393,STODOM,B,2,NA,NA
8,393,ICHBW,B,1,NA,NA
8,393,PUEBW,B,1,NA,NA
8,393,CW,R,1,NA,NA
8,393,CW,B,5,NA,NA
8,393,CW,BA,1,NA,NA
8,393,CW,HA,1,NA,NA
8,393,CW,B,1,CUP,NA
8,393,CWHP,B,1,GREEN FLOWER DESIGN,NA
8,393,PWHP,B,1,LATE?,NA
8,393,AST,R,1,NA,NA
8,393,UIDSW,B,1,NA,NA
8,393,WSGS,R,1,NA,NA
8,393,WSGS,B,4,NA,NA
8,393,BASALT,B,1,NA,NA
8,393,POREXP,R,4,NA,NA
8,393,POREXP,B,2,NA,NA
8,393,POREXP,BA,1,NA,NA
8,393,PORBR,B,1,BROWN EXT,NA
8,393,POROG,B,3,NA,NA
8,393,POROG,BA,2,NA,NA
8,395,OJ,B,8,NA,NA
8,395,OJGL,R,1,NA,NA
8,395,OJGL,B,1,NA,NA
8,395,LDGLCE,B,1,NA,NA
8,395,ELMOR,B,1,NA,NA
8,395,REY,B,1,NA,NA
8,395,DELFT,B,1,GREEN,NA
8,395,UIDBW,B,1,NA,NA
8,395,UIDMEX,B,2,NA,NA
8,395,UIDPOLY,R,1,NA,NA
8,395,UIDPOLY,B,1,NA,NA
8,395,CP,B,1,NA,NA
8,395,ICHBW,R,1,NA,NA
8,395,SLBW,R,1,NA,NA
8,395,PUEBW,BA,1,NA,NA
8,397,DELFTSPON,B,1,NA,NA
F1 Test Pit,175,OJ,B,17,NA,NA
F1 Test Pit,175,MEXRED,B,4,NA,NA
F1 Test Pit,175,ELMOR,B,1,NA,NA
F1 Test Pit,175,SEVBB,B,1,NA,NA
F1 Test Pit,175,REFEWTP,B,1,ALMOST COMPLETE BOWL BR,NA
2,70,OJ,B,59,NA,NA
2,70,BLGRBACIN,R,1,NA,NA
2,70,ORMIC,B,2,NA,NA
2,70,MEXRED,B,1,NA,NA
2,70,GUADA,B,1,NA,NA
2,70,SLIPSTF,B,2,MARBLED,NA
2,70,SLIPSTF,B,1,NA,NA
2,70,REDWAR,B,5,NA,NA
2,70,BLGCE,B,2,NA,NA
2,70,UIDGLCE,B,2,GREEN GL,NA
2,70,DELFT,B,2,NA,NA
2,70,DELFTBW,B,1,NA,NA
2,70,BISQ,B,1,NA,NA
2,70,UIDMAJ,R,2,NA,NA
2,70,UIDMAJ,B,3,NA,NA
2,70,CP,R,2,NA,NA
2,70,CP,B,6,NA,NA
2,70,STODOM,B,1,NA,NA
2,70,UIDBB,B,4,NA,NA
2,70,PUEPOLY,B,1,NA,NA
2,70,PUEBW,B,1,NA,NA
2,70,WW,B,2,NA,NA
2,70,AGATE,B,1,NA,NA
2,70,PORMING,B,1,NA,NA
2,74,UIDCEW,R,1,BURNISHED EXT,NA
2,74,UIDCEW,B,1,NA,NA
2,74,OJ,B,11,NA,NA
2,74,OJGL,B,7,NA,NA
2,74,SSJ,B,1,NA,NA
2,74,BLGRBACIN,B,1,NA,NA
2,74,REDWAR,B,1,NA,NA
2,74,SLIPSTF,B,1,NA,NA
2,74,ELMOR,R,1,NA,NA
2,74,UIDGLCE,R,1,GR GL,NA
2,74,DELFT,R,1,NA,NA
2,74,DELFT,B,1,NA,NA
2,74,DELFTPOLY,B,1,NA,NA
2,74,UIDMAJ,B,1,NA,NA
2,74,CP,B,2,NA,NA
2,74,STODOM,B,1,NA,NA
2,74,UIDBB,B,5,ICHTUCKNEE BB,NA
2,74,PANP,R,1,NA,NA
2,74,PANP,B,1,NA,NA
2,76,OJ,B,20,NA,NA
2,76,OJGL,B,13,NA,NA
2,76,ORMIC,B,1,NA,NA
2,76,REDWAR,B,1,WITH HOLE FOR ROPE,NA
2,76,LDGLCE,B,4,NA,NA
2,76,ELMOR,B,1,NA,NA
2,76,DELFT,BA,1,NA,NA
2,76,CP,R,1,NA,NA
2,76,CP,B,3,NA,NA
2,76,SEVBB,B,1,NA,NA
2,76,UIDBB,R,2,ICHTUCKNEE BB,NA
2,76,FIGSP,BA,1,NA,NA
2,79,OJ,B,13,NA,NA
2,79,OJGL,B,1,NA,NA
2,79,SSJ,B,1,NA,NA
2,79,ORMIC,B,1,NA,NA
2,79,LDGLCE,R,2,NA,NA
2,79,LDGLCE,B,1,NA,NA
2,79,LDGLCE,BA,1,NA,NA
2,79,UIDCEW,R,1,NA,NA
2,79,ELMOR,B,1,NA,NA
2,79,CP,R,1,NA,NA
2,79,SEVBB,B,4,NA,NA
2,90,OJ,R,1,NA,NA
2,90,OJ,B,13,NA,NA
2,90,OJGL,B,2,NA,NA
2,90,CP,B,1,NA,NA
2,90,SEVBB,B,1,NA,NA
2,104,OJ,B,4,NA,NA
2,111,OJ,B,8,NA,NA
2,111,SSJ,B,3,NA,NA
2,111,ORMIC,B,1,POSSIBLE,NA
2,111,UIDMEX,R,1,POSSIBLE,NA
2,111,CAPBLU,B,1,NA,NA
2,113,SLIPSTF,B,1,NA,NA
2,113,CP,B,1,NA,NA
2,113,WSGS,B,3,NA,NA
2,115,OJ,B,9,NA,NA
2,115,OJGL,B,1,NA,NA
2,115,ORMIC,R,1,NA,NA
2,115,UIDCEW,R,1,NA,NA
2,115,UIDCEW,B,1,NA,NA
2,115,GUADA,B,1,NA,NA
2,115,CP,R,1,NA,NA
2,115,SEVBB,R,1,NA,NA
2,115,SEVBB,B,1,NA,NA
2,118,OJ,B,10,NA,NA
2,118,OJGL,R,1,NA,NA
2,118,OJGL,B,4,NA,NA
2,118,SSJ,B,2,NA,NA
2,118,UIDMAJ,B,2,NA,NA
2,118,CP,B,2,NA,NA
2,118,STODOM,R,1,NA,NA
2,118,SEVBB,B,3,NA,NA
2,118,WSGS,R,1,NA,NA
2,118,PORMING,R,1,NA,NA
2,120,UIDCEW,R,1,NA,NA
2,120,UIDCEW,B,2,NA,NA
2,120,OJ,R,2,NA,NA
2,120,OJ,B,12,NA,NA
2,120,OJGL,R,1,NA,NA
2,120,OJGL,B,7,NA,NA
2,120,SSJ,B,1,NA,NA
2,120,ORMIC,R,1,NA,NA
2,120,MEXRED,B,1,NA,NA
2,120,SLIPSTF,B,1,COLUMBIA?,NA
2,120,UIDGLCE,B,1,GR GL,NA
2,120,CP,R,1,NA,NA
2,120,CP,B,3,NA,NA
2,120,SEVBB,B,4,NA,NA
2,129,OJ,B,12,NA,NA
2,129,OJGL,B,3,NA,NA
2,129,SSJ,R,1,NA,NA
2,129,SSJ,B,2,NA,NA
2,129,ORMIC,B,1,NA,NA
2,129,LDGLCE,B,1,NA,NA
2,129,BLGRBACIN,B,1,NA,NA
2,129,CP,R,2,NA,NA
2,129,CP,B,1,NA,NA
2,129,SEVBB,R,1,NA,NA
2,141,REDWAR,B,2,NA,NA
2,141,OJ,B,9,NA,NA
2,141,OJGL,R,1,NA,NA
2,141,SSJ,B,1,NA,NA
2,141,REDWAR,R,1,NA,NA
2,141,BLGRBACIN,B,1,NA,NA
2,141,ELMOR,B,3,2 LOOK VERY ABORIGINAL BUT WITH GLAZE,NA
2,141,CP,R,2,NA,NA
2,141,STODOM,B,2,NA,NA
2,141,SEVBB,B,2,NA,NA
2,346,OJ,R,1,NA,NA
2,346,OJ,B,9,NA,NA
2,346,SSJ,B,1,NA,NA
2,346,BLGRBACIN,R,1,NA,NA
2,346,ELMOR,B,1,NA,NA
2,346,REY,B,1,NA,NA
2,346,UIDGLCE,B,1,GR GL,NA
2,346,UIDMAJ,B,1,NA,NA
2,346,CP,R,1,NA,NA
2,346,CP,B,1,NA,NA
2,346,CW,B,1,NA,NA
2,347,OJ,B,15,NA,NA
2,347,OJGL,R,1,NA,NA
2,347,SSJ,B,2,NA,NA
2,347,SSJ,BA,1,NA,NA
2,347,REY,B,1,NA,NA
2,347,CP,B,1,NA,NA
2,347,PUEBW,B,1,NA,NA
2 & 6,385,UIDCEW,B,1,NA,NA
2 & 6,385,OJ,R,2,NA,NA
2 & 6,385,OJ,B,26,NA,NA
2 & 6,385,OJGL,R,1,NA,NA
2 & 6,385,OJGL,B,2,NA,NA
2 & 6,385,SSJ,B,3,NA,NA
2 & 6,385,ORMIC,B,2,NA,NA
2 & 6,385,REDWAR,B,1,NA,NA
2 & 6,385,MEXRED,B,1,NA,NA
2 & 6,385,ELMOR,B,4,NA,NA
2 & 6,385,MARINE,B,1,NA,NA
2 & 6,385,BLGRBACIN,B,1,NA,NA
2 & 6,385,DELFT,B,1,MEDICINE JAR,NA
2 & 6,385,UIDMAJ,B,1,NA,NA
2 & 6,385,CP,R,1,NA,NA
2 & 6,385,CP,B,1,NA,NA
2 & 6,385,STODOM,R,1,NA,NA
2 & 6,385,STODOM,B,1,NA,NA
2 & 6,385,LDGLCE,BA,13,"CENTER OF VESSEL, GLAZED BOTH SIDES, MAYBE NOT COARSE",NA
2 & 6 & 8,386,UIDCEW,B,2,"BURNISHED, RED BROWN SLIP WITH OFF WHITE SLIP DEC.",NA
2 & 6 & 8,386,UIDCEW,B,1,NA,NA
2 & 6 & 8,386,SSJ,B,2,NA,NA
2 & 6 & 8,386,ORMIC,B,2,NA,NA
2 & 6 & 8,386,BLGRBACIN,R,2,NA,NA
2 & 6 & 8,386,LDGLCE,B,1,NA,NA
2 & 6 & 8,386,ELMOR,B,2,NA,NA
2 & 6 & 8,386,REDWAR,B,1,NA,NA
2 & 6 & 8,386,CP,R,3,NA,NA
2 & 6 & 8,386,CP,B,3,NA,NA
2 & 6 & 8,386,SEVBB,B,4,NA,NA
2 & 6 & 8,386,PUEBW,B,2,NA,NA
2 & 6 & 8,386,PORMING,R,1,NA,NA
2 & 6 & 8,386,PORMING,B,1,NA,NA
6,133,OJ,R,1,NA,NA
6,133,OJ,B,24,NA,NA
6,133,OJGL,R,1,NA,NA
6,133,OJGL,B,18,NA,NA
6,133,SSJ,B,2,NA,NA
6,133,ORMIC,B,3,NA,NA
6,133,BLGRBACIN,B,1,NA,NA
6,133,MARINE,R,2,NA,NA
6,133,MARINE,B,1,NA,NA
6,133,MEXRED,R,1,NA,NA
6,133,MEXRED,B,4,NA,NA
6,133,SLIPSTF,B,1,MARBLED,NA
6,133,SLIPSTF,B,1,TRAILED,NA
6,133,ELMOR,B,1,NA,NA
6,133,UIDGLCE,B,1,INT GL,NA
6,133,BLGCE,B,1,NA,NA
6,133,DELFT,B,2,NA,NA
6,133,UIDMAJ,R,1,NA,NA
6,133,UIDMAJ,B,2,NA,NA
6,133,CP,B,2,NA,NA
6,133,FIGSP,BA,3,NA,NA
6,133,PUEBW,B,1,NA,NA
6,133,CASTL,BA,1,NA,NA
6,133,BLGRBACIN,B,1,NA,NA
6,133,CW,B,3,NA,NA
6,133,PWHP,B,1,EARLY,NA
6,133,WW,R,1,NA,NA
6,133,WSGS,B,2,NA,NA
6,133,PORUID,B,1,NA,NA
6,134,BLGRBACIN,R,1,NA,NA
6,134,BLGRBACIN,B,2,NA,NA
6,134,OJGL,B,1,NA,NA
6,134,BIZ,B,1,NA,NA
6,134,MEXRED,B,2,NA,NA
6,134,SLIPSTF,R,3,NA,NA
6,134,SLIPSTF,B,18,NA,NA
6,134,ELMOR,B,10,NA,NA
6,134,UIDGLCE,B,1,NA,NA
6,134,BLGCE,R,2,NA,NA
6,134,BLGCE,B,3,NA,NA
6,134,AGATE,B,2,NA,NA
6,134,DELFT,B,5,NA,NA
6,134,DELFTBW,R,1,NA,NA
6,134,DELFTBW,B,1,NA,NA
6,134,BISQ,B,2,NA,NA
6,134,UIDBW,R,1,NA,NA
6,134,UIDBW,B,1,NA,NA
6,134,UIDMAJ,B,2,NA,NA
6,134,UIDMAJ,BA,1,NA,NA
6,134,STODOM,R,2,NA,NA
6,134,STODOM,B,2,NA,NA
6,134,CAPBLU,R,1,NA,NA
6,134,SEVBB,B,1,NA,NA
6,134,PANPOLY,B,1,POLYCHROME A,NA
6,134,ABOPOLY,R,1,NA,NA
6,134,ABOPOLY,B,3,NA,NA
6,134,PUEBW,R,4,NA,NA
6,134,PUEBW,B,7,NA,NA
6,134,HUEJOT,R,1,NA,NA
6,134,WSGS,R,1,NA,NA
6,134,WSGS,B,2,NA,NA
6,134,WSGS,BA,6,NA,NA
6,134,RHEN,B,1,NA,NA
6,142,OJ,B,2,NA,NA
6,142,OJGL,B,1,NA,NA
6,142,CP,B,1,NA,NA
6,143,LDGLCE,B,1,NA,NA
6,143,OJ,B,11,NA,NA
6,143,OJGL,B,2,NA,NA
6,143,SSJ,B,1,NA,NA
6,143,ORMIC,B,1,NA,NA
6,143,GREYW,B,1,NA,NA
6,143,SEVBB,R,1,NA,NA
6,143,PW,R,1,NA,NA
6,143,BLGRBACIN,B,1,NA,NA
6,143,WSGS,B,1,NA,NA
6,144,UIDGLCE,B,1,INT. GL REDWARE,NA
6,144,OJ,B,20,NA,NA
6,144,OJGL,B,5,NA,NA
6,144,SSJ,B,3,NA,NA
6,144,ORMIC,B,1,NA,NA
6,144,ELMOR,R,1,NA,NA
6,144,ELMOR,HA,1,NA,NA
6,144,LDGLCE,B,3,NA,NA
6,144,DELFT,R,1,NA,NA
6,144,CP,R,1,NA,NA
6,144,CP,B,3,NA,NA
6,144,STODOM,B,2,NA,NA
6,144,SEVBB,B,3,NA,NA
6,144,SEVBB,BA,1,NA,NA
6,354,OJGL,B,1,NA,NA
6,354,CP,R,1,NA,NA
6,354,PUEBW,B,1,NA,NA
6,455,UIDCEW,R,3,NA,NA
6,455,OJ,R,3,NA,NA
6,455,OJ,B,37,NA,NA
6,455,ORMIC,B,2,NA,NA
6,455,ORMIC,BA,1,NA,NA
6,455,REDWAR,R,1,NA,NA
6,455,MEXRED,B,1,NA,NA
6,455,ELMOR,B,3,NA,NA
6,455,ELMOR,BA,1,NA,NA
6,455,DELFT,B,1,NA,NA
6,455,BISQ,B,1,NA,NA
6,455,UIDGRN,B,1,NA,NA
6,455,CP,R,2,NA,NA
6,455,CP,B,5,NA,NA
6,455,ISABELA,R,4,NA,NA
6,455,ISABELA,B,2,NA,NA
6,455,SEVBB,R,1,NA,NA
6,455,SEVBB,B,5,NA,NA
6,455,SEVBB,BA,1,NA,NA
6,455,FIGSP,R,1,POSSIBLE,NA
6,455,FIGSP,B,2,POSSIBLE,NA
6,455,MXCW,BA,1,NA,NA
6,455,PORMING,B,1,NA,NA
9,148,UIDCEW,B,2,NA,NA
9,148,OJ,R,1,NA,NA
9,148,OJ,B,37,NA,NA
9,148,OJGL,B,8,NA,NA
9,148,MARINE,R,1,NA,NA
9,148,MEXRED,B,6,NA,NA
9,148,LDGLCE,B,3,NA,NA
9,148,SLIPSTF,B,6,NA,NA
9,148,SLIPSTF,HA,1,NA,NA
9,148,SLIPSTF,R,1,NA,NA
9,148,SLIPSTF,B,1,NA,NA
9,148,ELMOR,R,2,NA,NA
9,148,ELMOR,B,9,NA,NA
9,148,ELMOR,BA,3,NA,NA
9,148,BLGCE,B,8,NA,NA
9,148,JACK,B,1,NA,NA
9,148,DELFT,B,10,NA,NA
9,148,DELFTBW,R,1,NA,NA
9,148,DELFTBW,B,7,NA,NA
9,148,FAI,B,5,NA,NA
9,148,FAI,BA,3,NA,NA
9,148,UIDBW,R,1,NA,NA
9,148,UIDBW,B,3,NA,NA
9,148,UIDMAJ,B,1,NA,NA
9,148,UIDPOLY,R,1,NA,NA
9,148,UIDPOLY,B,1,NA,NA
9,148,CP,R,1,NA,NA
9,148,ABOPOLY,B,2,NA,NA
9,148,PUEBW,B,1,NA,NA
9,148,PLAYABW,B,3,NA,NA
9,148,CW,R,4,NA,NA
9,148,CW,B,36,NA,NA
9,148,CW,BA,1,NA,NA
9,148,WHEILD,B,3,NA,NA
9,148,PW,B,5,NA,NA
9,148,PWHP,B,1,EARLY,NA
9,148,PWSE,R,1,NA,NA
9,148,PWA,R,1,NA,NA
9,148,PWA,B,2,NA,NA
9,148,REFEWTP,R,2,NA,NA
9,148,REFEWTP,B,5,NA,NA
9,148,WW,B,5,NA,NA
9,148,WW,BA,1,NA,NA
9,148,WSGS,R,3,NA,NA
9,148,WSGS,B,4,NA,NA
9,148,RHEN,B,1,NA,NA
9,148,PORUID,R,2,NA,NA
9,148,PORUID,B,2,NA,NA
9,148,PORUID,BA,2,NA,NA
9,148,POROG,B,2,NA,NA
9,148,POREUR,B,7,NA,NA
9,148,POREUR,BA,1,NA,NA
9,149,OJ,B,3,NA,NA
9,149,LDGLCE,B,2,NA,NA
9,149,SLIPSTF,B,5,NA,NA
9,149,DELFT,B,1,NA,NA
9,149,DELFTBW,B,1,NA,NA
9,149,DELFTPOLY,B,1,NA,NA
9,149,BISQ,B,1,NA,NA
9,149,FAI,BA,1,NA,NA
9,149,CW,R,1,NA,NA
9,149,CW,B,13,NA,NA
9,149,CWFE,R,2,NA,NA
9,149,CWHP,B,1,BL,NA
9,149,PWA,B,1,WORMY,NA
9,149,JACK,B,1,NA,NA
9,149,WSGS,B,1,NA,NA
9,149,WSGS,BA,2,NA,NA
9,149,WSGS,HA,1,NA,NA
9,149,SGS,B,1,GY/BL,NA
9,149,POROG,B,1,NA,NA
9,150,OJ,B,3,NA,NA
9,150,OJGL,B,1,NA,NA
9,150,SLIPSTF,B,1,NA,NA
9,150,ELMOR,B,1,NA,NA
9,150,PUEBW,B,1,NA,NA
9,150,CW,B,1,NA,NA
9,150,WSGS,R,1,NA,NA
9,150,WSGS,B,1,NA,NA
9,150,SGS,B,1,BR,NA
9,151,OJ,B,4,NA,NA
9,151,OJGL,B,5,NA,NA
9,151,LDGLCE,BA,1,NA,NA
9,151,SLIPSTF,B,3,NA,NA
9,151,ELMOR,R,1,NA,NA
9,151,ELMOR,B,5,NA,NA
9,151,REY,B,1,NA,NA
9,151,DELFT,R,2,NA,NA
9,151,DELFT,B,1,NA,NA
9,151,DELFTBW,R,1,NA,NA
9,151,DELFTBW,B,2,NA,NA
9,151,UIDBW,B,1,NA,NA
9,151,AUCILLA,B,1,NA,NA
9,151,CW,B,2,NA,NA
9,151,CW,BA,1,NA,NA
9,151,PW,BA,1,NA,NA
9,151,PWHP,B,1,LATE,NA
9,151,PWSE,R,1,BL,NA
9,151,REFEW,R,1,BLK,NA
9,151,WSGS,R,1,NA,NA
9,151,WSGS,B,2,NA,NA
9,151,WSGS,BA,1,NA,NA
9,151,PORUID,B,1,NA,NA
9,151,POREXP,B,2,NA,NA
9,151,POREXP,BA,1,NA,NA
9,151,PORKRAAK,B,1,NA,NA
9,151,POROG,R,1,NA,NA
9,151,PORUID,B,1,NA,NA
9,153,REDWAR,B,1,NA,NA
9,153,OJ,B,7,NA,NA
9,153,OJGL,B,3,NA,NA
9,153,LDGLCE,R,1,NA,NA
9,153,SLIPSTF,B,6,NA,NA
9,153,ELMOR,B,2,NA,NA
9,153,REY,B,1,NA,NA
9,153,DELFT,B,1,NA,NA
9,153,DELFTBW,R,1,NA,NA
9,153,DELFTBW,B,1,NA,NA
9,153,DELFTPOLY,B,1,NA,NA
9,153,UIDMAJ,B,1,NA,NA
9,153,CP,R,1,NA,NA
9,153,SLBW,R,1,NA,NA
9,153,AUCILLA,R,1,NA,NA
9,153,PUEBW,B,1,NA,NA
9,153,CW,R,4,NA,NA
9,153,CW,B,3,NA,NA
9,153,CW,HA,2,NA,NA
9,153,CWFE,R,1,NA,NA
9,153,PW,B,1,NA,NA
9,153,WSGS,R,1,NA,NA
9,153,WSGS,B,2,NA,NA
9,153,WSGS,BA,1,NA,NA
9,153,SGS,BA,1,GY,NA
9,153,PORUID,B,2,NA,NA
9,153,POREXP,B,1,NA,NA
9,153,POROG,R,1,NA,NA
9,153,POROG,B,1,NA,NA
9,160,OJ,B,45,NA,NA
9,160,OJ,OTHER,1,NA,NA
9,160,OJGL,R,3,NA,NA
9,160,OJGL,B,24,NA,NA
9,160,SSJ,BA,3,NA,NA
9,160,OJGL,B,5,GLAZED EXT AND INT,NA
9,160,MEXRED,B,3,NA,NA
9,160,GUADA,R,1,NA,NA
9,160,LDGLCE,R,1,NA,NA
9,160,LDGLCE,B,5,NA,NA
9,160,SLIPSTF,R,5,NA,NA
9,160,SLIPSTF,B,12,NA,NA
9,160,SLIPSTF,BA,1,NA,NA
9,160,SLIPSTF,HA,1,NA,NA
9,160,SLIPSTF,B,3,NA,NA
9,160,SLIPSTF,BA,1,NA,NA
9,160,ELMOR,B,6,NA,NA
9,160,ELMOR,BA,1,NA,NA
9,160,BLGCE,B,1,NA,NA
9,160,DELFT,R,3,NA,NA
9,160,DELFT,B,12,NA,NA
9,160,DELFT,BA,1,NA,NA
9,160,DELFTBW,R,3,NA,NA
9,160,DELFTBW,B,14,NA,NA
9,160,DELFTBW,BA,3,NA,NA
9,160,DELFTSPON,B,1,NA,NA
9,160,BISQ,B,2,NA,NA
9,160,DELFTPOLY,B,1,NA,NA
9,160,UIDBW,R,1,NA,NA
9,160,UIDBW,B,3,NA,NA
9,160,UIDMEX,R,2,NA,NA
9,160,UIDMEX,B,3,NA,NA
9,160,UIDMAJ,B,2,NA,NA
9,160,UIDMAJ,BA,2,NA,NA
9,160,CP,R,2,NA,NA
9,160,CP,B,3,NA,NA
9,160,SEVBB,BA,1,NA,NA
9,160,ICHBW,B,2,NA,NA
9,160,BLGRBACIN,BA,1,NA,NA
9,160,MARINE,B,1,NA,NA
9,160,MARINE,BA,2,NA,NA
9,160,SLBW,B,1,W/ BLACK LINES,NA
9,160,SLBW,BA,1,NA,NA
9,160,SLPOLY,B,1,NA,NA
9,160,SLPOLY,BA,4,NA,NA
9,160,SLPOLY,B,1,NA,NA
9,160,MXCGC,R,1,NA,NA
9,160,MXCGC,B,1,NA,NA
9,160,ABOPOLY,B,1,TYPE II,NA
9,160,ABOPOLY,BA,1,TYPE II,NA
9,160,PUEPOLY,R,1,NA,NA
9,160,PUEPOLY,B,1,NA,NA
9,160,PUEPOLY,BA,1,NA,NA
9,160,PUEBW,R,3,NA,NA
9,160,PUEBW,B,9,NA,NA
9,160,PUEBW,BA,2,NA,NA
9,160,SABW,B,1,NA,NA
9,160,AUCILLA,BA,1,NA,NA
9,160,CW,R,1,NA,NA
9,160,CW,B,8,NA,NA
9,160,CW,BA,2,NA,NA
9,160,WHEILD,R,1,NA,NA
9,160,PWHP,B,1,LATE,NA
9,160,JACK,B,1,NA,NA
9,160,AST,B,1,NA,NA
9,160,WWTP,R,1,BL,NA
9,160,WWTP,B,1,NA,NA
9,160,WW,B,2,NA,NA
9,160,WSGS,R,9,NA,NA
9,160,WSGS,B,9,NA,NA
9,160,WSGS,BA,7,NA,NA
9,160,SGS,B,3,BR,NA
9,160,SGS,BA,2,BR,NA
9,160,SGS,B,2,GY,NA
9,160,RHEN,B,2,NA,NA
9,160,NOTT,R,1,NA,NA
9,160,NOTT,B,2,NA,NA
9,160,PORUID,R,1,NA,NA
9,160,PORUID,B,2,NA,NA
9,160,POREXP,B,3,NA,NA
9,160,PORKRAAK,R,1,NA,NA
9,160,POROG,R,1,NA,NA
9,160,POROG,B,3,NA,NA
9,160,POROG,BA,1,NA,NA
9,161,UIDGLCE,B,1,NA,NA
9,161,OJ,B,18,NA,NA
9,161,OJGL,B,2,NA,NA
9,161,MEXRED,B,1,NA,NA
9,161,MEXRED,BA,1,NA,NA
9,161,LDGLCE,BA,1,NA,NA
9,161,SLIPSTF,B,4,NA,NA
9,161,ELMOR,B,3,NA,NA
9,161,DELFT,R,1,NA,NA
9,161,DELFT,B,5,NA,NA
9,161,DELFTBW,B,1,NA,NA
9,161,FAI,R,1,NA,NA
9,161,UIDBW,B,2,NA,NA
9,161,UIDMAJ,B,2,NA,NA
9,161,UID,B,1,"EXT. BLK, INT. WHITE SOFT PASTE",NA
9,161,AST,B,1,NA,NA
9,161,CW,R,4,NA,NA
9,161,CW,B,12,NA,NA
9,161,WHEILD,B,1,NA,NA
9,161,CWHP,B,1,NA,NA
9,161,UID,B,1,HARD PASTE. WEATHERED SURFACE,NA
9,161,PW,B,1,NA,NA
9,161,PW,BA,3,NA,NA
9,161,PWSE,R,2,NA,NA
9,161,REFEW,B,1,GAUDY DUTCH,NA
9,161,WW,B,3,NA,NA
9,161,WW,BA,3,NA,NA
9,161,WWTP,R,1,NA,NA
9,161,WWTP,B,7,NA,NA
9,161,WWTP,R,1,POLY,NA
9,161,WWTP,B,2,POLY,NA
9,161,WSGS,B,1,NA,NA
9,161,WSGS,BA,2,NA,NA
9,161,SGS,B,5,GY,NA
9,161,SGS,B,1,GY/BL,NA
9,161,RHEN,B,1,NA,NA
9,161,PORUID,B,3,NA,NA
9,161,POREXP,R,1,NA,NA
9,161,POREXP,B,6,1 NEARLY WHOLE PLATE,NA
9,170,OJ,R,2,NA,NA
9,170,OJ,B,10,NA,NA
9,170,OJGL,B,7,NA,NA
9,170,OJGL,B,2,GR GLAZE EXT. AND INT.,NA
9,170,LDGLCE,B,1,NA,NA
9,170,LDGLCE,BA,1,NA,NA
9,170,SLIPSTF,R,1,NA,NA
9,170,ELMOR,B,1,NA,NA
9,170,ELMOR,HA,1,NA,NA
9,170,DELFT,R,1,NA,NA
9,170,DELFT,B,1,NA,NA
9,170,DELFT,BA,1,NA,NA
9,170,DELFTPOLY,B,1,NA,NA
9,170,BISQ,B,2,NA,NA
9,170,ENGMAJ,B,1,POSSIBLE,NA
9,170,UIDBW,B,1,NA,NA
9,170,UIDMEX,B,1,NA,NA
9,170,UIDMEX,BA,1,NA,NA
9,170,UIDPOLY,R,1,NA,NA
9,170,CP,R,1,NA,NA
9,170,SLPOLY,BA,1,NA,NA
9,170,ABOPOLY,B,1,TYPE II,NA
9,170,PUEBW,R,1,NA,NA
9,170,PUEBW,B,1,NA,NA
9,170,CW,R,1,NA,NA
9,170,CW,B,11,NA,NA
9,170,CW,BA,2,NA,NA
9,170,PW,B,2,NA,NA
9,170,PWHP,R,1,NA,NA
9,170,PWMO,R,1,NA,NA
9,170,JACK,B,1,NA,NA
9,170,UIDSW,B,1,NA,NA
9,170,WSGS,R,2,NA,NA
9,170,WSGS,B,3,NA,NA
9,170,WSGS,BA,1,NA,NA
9,170,BSGS,B,2,BR,NA
9,170,SGS,B,1,NA,NA
9,170,ELERS,B,1,NA,NA
9,170,PORUID,B,1,NA,NA
9,171,OJ,B,13,NA,NA
9,171,OJGL,B,10,NA,NA
9,171,LDGLCE,R,1,NA,NA
9,171,LDGLCE,B,8,NA,NA
9,171,SLIPSTF,B,2,NA,NA
9,171,ELMOR,B,2,NA,NA
9,171,BLGCE,B,1,NA,NA
9,171,UIDPOLY,R,1,NA,NA
9,171,UIDMEX,R,3,NA,NA
9,171,UIDMEX,B,1,NA,NA
9,171,CP,BA,1,NA,NA
9,171,SEVBB,R,1,NA,NA
9,171,ICHBW,BA,1,NA,NA
9,171,CW,B,3,NA,NA
9,171,WHEILD,BA,1,NA,NA
9,171,WSGS,R,1,NA,NA
9,171,WSGS,B,1,NA,NA
9,171,SGS,B,1,GY,NA
9,171,PORUID,R,1,NA,NA
9,171,PORUID,B,2,NA,NA
9,181,OJ,B,2,NA,NA
9,181,MEXRED,B,1,NA,NA
9,181,LDGLCE,B,1,NA,NA
9,181,DELFT,B,1,NA,NA
9,181,UIDMEX,B,1,NA,NA
9,181,ABOPOLY,BA,1,NA,NA
9,181,WSGS,R,1,NA,NA
9,184,OJ,B,8,NA,NA
9,184,OJGL,B,3,NA,NA
9,184,SLIPSTF,B,4,NA,NA
9,184,ELMOR,R,1,NA,NA
9,184,BUCK,B,1,NA,NA
9,184,DELFT,B,1,NA,NA
9,184,DELFT,BA,1,NA,NA
9,184,DELFTPOLY,B,1,NA,NA
9,184,BISQ,B,3,NA,NA
9,184,SEVBB,R,1,NA,NA
9,184,SLBW,B,1,NA,NA
9,184,FIGSP,BA,1,NA,NA
9,184,SLPOLY,B,1,NA,NA
9,184,CW,R,2,NA,NA
9,184,CW,B,9,NA,NA
9,184,CW,BA,2,NA,NA
9,184,PWSE,B,1,GR,NA
9,184,WWTP,B,1,BL,NA
9,184,REFEW,R,1,NA,NA
9,184,REFEW,B,1,NA,NA
9,184,WSGS,BA,1,NA,NA
9,184,PORUID,R,3,NA,NA
9,184,POREXP,B,3,NA,NA
9,185,OJ,B,12,NA,NA
9,185,OJGL,B,4,NA,NA
9,185,SLIPSTF,B,1,NA,NA
9,185,ELMOR,B,1,NA,NA
9,185,DELFTBW,R,1,NA,NA
9,185,DELFTBW,B,2,NA,NA
9,185,DELFTSPON,B,1,NA,NA
9,185,BISQ,B,1,NA,NA
9,185,UIDBW,B,1,NA,NA
9,185,UIDMAJ,R,1,NA,NA
9,185,UIDPOLY,B,1,BR/YE,NA
9,185,SEVBB,R,1,NA,NA
9,185,UIDBB,R,1,NA,NA
9,185,UIDBB,B,1,NA,NA
9,185,MXCBC,B,1,NA,NA
9,185,PUEBW,B,1,NA,NA
9,185,PUEBW,BA,1,NA,NA
9,185,CW,R,1,NA,NA
9,185,CW,B,2,NA,NA
9,185,WSGS,B,4,NA,NA
9,185,PORUID,BA,1,NA,NA
9,185,POREXP,WHOLE,1,NEAR COMPLETE PLATE,NA
9,186,OJ,B,6,NA,NA
9,186,ORMIC,R,1,NA,NA
9,186,MEXRED,B,1,NA,NA
9,186,SLIPSTF,B,2,NA,NA
9,186,UIDMAJ,R,1,NA,NA
9,186,UIDMAJ,B,2,NA,NA
9,186,CP,R,1,NA,NA
9,186,FIGSP,B,1,NA,NA
9,186,SLPOLY,B,1,NA,NA
9,186,CW,R,1,NA,NA
9,186,WSGS,R,1,NA,NA
9,187,OJ,B,1,NA,NA
9,187,OJ,B,1,NA,NA
9,187,BLGRBACIN,B,1,NA,NA
9,187,MEXRED,B,1,NA,NA
9,187,SLIPSTF,B,1,NA,NA
9,187,CP,B,1,NA,NA
9,187,PUEBW,B,1,NA,NA
9,187,CW,B,10,NA,NA
9,187,CW,BA,2,NA,NA
9,187,WHEILD,BA,1,NA,NA
9,187,REFEW,R,1,NA,NA
9,187,CROCK,B,1,NA,NA
9,187,WSGS,B,1,NA,NA
9,187,PORUID,B,2,NA,NA
9,187,PORUID,BA,1,NA,NA
9,187,POREXP,HA,1,NA,NA
9,187,POROG,R,1,NA,NA
9,188,LDGLCE,B,1,NA,NA
9,188,SLIPSTF,R,1,NA,NA
9,188,ELMOR,R,1,NA,NA
9,188,DELFT,B,1,NA,NA
9,188,CW,B,3,NA,NA
9,188,WHEILD,BA,2,NA,NA
9,188,PORUID,R,1,NA,NA
9,188,PORUID,B,1,NA,NA
9,192,REDWAR,B,1,NA,NA
9,192,OJ,B,8,NA,NA
9,192,OJGL,B,1,NA,NA
9,192,MEXRED,B,2,NA,NA
9,192,SLIPSTF,R,1,NA,NA
9,192,ELMOR,B,1,NA,NA
9,192,REY,B,1,NA,NA
9,192,DELFT,B,1,NA,NA
9,192,DELFTBW,B,1,NA,NA
9,192,DELFTPOLY,B,1,NA,NA
9,192,UIDBW,B,4,NA,NA
9,192,PUEPOLY,B,1,NA,NA
9,192,CASTL,B,2,NA,NA
9,192,CW,R,3,NA,NA
9,192,CW,B,6,NA,NA
9,192,WHEILD,R,1,NA,NA
9,192,WWTP,R,1,NA,NA
9,192,NOTT,R,1,NA,NA
9,192,WSGS,R,1,NA,NA
9,192,RHEN,B,1,NA,NA
9,192,IRNSTN,B,1,NA,NA
9,192,PORUID,B,1,NA,NA
9,192,POROG,R,1,NA,NA
9,198,OJ,B,3,NA,NA
9,198,OJGL,B,1,NA,NA
9,198,GUADA,R,1,NA,NA
9,198,LDGLCE,B,4,NA,NA
9,198,SLIPMOR,B,1,NA,NA
9,198,CP,R,1,NA,NA
9,198,PUEBW,R,1,NA,NA
9,198,NOTT,B,1,NA,NA
9,198,WSGS,R,1,NA,NA
9,198,WSGS,B,4,NA,NA
9,198,BSGS,B,1,NA,NA
9,198,PORUID,B,1,NA,NA
9,198,POROG,R,1,NA,NA
9,199,OJ,B,3,NA,NA
9,199,OJGL,B,4,NA,NA
9,199,GUADA,B,1,NA,NA
9,199,SLIPSTF,B,3,NA,NA
9,199,ELMOR,R,1,NA,NA
9,199,ELMOR,B,2,NA,NA
9,199,DELFT,B,2,NA,NA
9,199,DELFTBW,R,1,NA,NA
9,199,DELFTBW,B,1,NA,NA
9,199,UIDBW,B,1,NA,NA
9,199,UIDMEX,R,1,NA,NA
9,199,UIDPOLY,B,1,NA,NA
9,199,UIDMAJ,R,1,19TH C. OLD WORLD PR/WH,NA
9,199,SLBW,R,1,NA,NA
9,199,CW,B,2,NA,NA
9,199,CW,BA,1,NA,NA
9,199,WSGS,R,1,NA,NA
9,199,WSGS,B,2,NA,NA
9,199,POREXP,B,1,NA,NA
9,199,POROG,B,2,NA,NA
9,202,OJ,B,11,NA,NA
9,202,OJGL,B,2,NA,NA
9,202,ORMIC,B,1,NA,NA
9,202,GUADA,R,1,NA,NA
9,202,LDGLCE,B,1,NA,NA
9,202,SLIPSTF,B,1,NA,NA
9,202,BLGRBACIN,R,1,NA,NA
9,202,BLGCE,B,1,NA,NA
9,202,UIDBW,R,1,NA,NA
9,202,UIDBW,B,2,NA,NA
9,202,UIDMAJ,B,2,NA,NA
9,202,UIDMEX,B,1,FIGSP?,NA
9,202,SEVBB,R,1,NA,NA
9,202,SEVBB,B,1,NA,NA
9,202,SLPOLY,R,1,NA,NA
9,202,ABOPOLY,B,1,NA,NA
9,202,AUCILLA,B,1,NA,NA
9,202,CW,B,2,NA,NA
9,202,CWFE,R,1,NA,NA
9,202,WW,B,3,NA,NA
9,202,WSGS,B,1,NA,NA
9,202,BSGS,B,1,NA,NA
9,202,SBSW,B,1,NA,NA
9,202,POREXP,R,1,NA,NA
9,203,UIDCEW,B,1,NA,NA
9,203,OJ,B,3,NA,NA
9,203,OJGL,B,1,NA,NA
9,203,LDGLCE,B,1,NA,NA
9,203,SLIPSTF,R,1,NA,NA
9,203,ELMOR,B,1,NA,NA
9,203,PUEBW,R,1,NA,NA
9,203,CW,B,3,NA,NA
9,203,WSGS,B,2,NA,NA
9,203,SBSW,B,1,NA,NA
9,203,POROG,B,1,NA,NA
9,217,OJ,B,31,NA,NA
9,217,OJGL,B,8,NA,NA
9,217,SSJ,BA,1,NA,NA
9,217,BLGRBACIN,R,1,NA,NA
9,217,BLGRBACIN,B,1,NA,NA
9,217,ORMIC,R,1,NA,NA
9,217,MEXRED,R,1,NA,NA
9,217,MEXRED,B,1,NA,NA
9,217,LDGLCE,B,9,NA,NA
9,217,LDGLCE,BA,1,NA,NA
9,217,SLIPSTF,B,5,NA,NA
9,217,SLIPSTF,BA,1,NA,NA
9,217,SLIPSTF,R,1,NA,NA
9,217,ELMOR,B,8,NA,NA
9,217,SLIPMOR,B,1,NA,NA
9,217,BLGCE,B,1,NA,NA
9,217,DELFT,R,5,NA,NA
9,217,DELFT,B,4,NA,NA
9,217,DELFTBW,R,1,NA,NA
9,217,DELFTBW,B,6,NA,NA
9,217,DELFTPOLY,R,1,NA,NA
9,217,BISQ,R,2,NA,NA
9,217,BISQ,B,2,NA,NA
9,217,UIDPOLY,B,1,BLK/BR,NA
9,217,UIDMEX,R,2,NA,NA
9,217,UIDMEX,B,5,NA,NA
9,217,UIDMEX,BA,1,NA,NA
9,217,UIDMAJ,B,4,NA,NA
9,217,CP,R,1,NA,NA
9,217,CP,B,1,NA,NA
9,217,SEVBB,R,2,NA,NA
9,217,SEVBB,B,5,NA,NA
9,217,SEVBB,BA,2,NA,NA
9,217,SLBW,R,2,NA,NA
9,217,SLPOLY,BA,1,NA,NA
9,217,PUEBW,R,2,NA,NA
9,217,PUEBW,B,3,NA,NA
9,217,CW,R,6,NA,NA
9,217,CW,B,20,NA,NA
9,217,CW,BA,1,NA,NA
9,217,CW,HA,1,NA,NA
9,217,WHEILD,R,1,NA,NA
9,217,WHEILD,B,1,NA,NA
9,217,CW,R,5,ROLLED R,NA
9,217,JACK,B,1,NA,NA
9,217,WW,B,2,NA,NA
9,217,UIDSW,B,1,NA,NA
9,217,WSGS,R,1,NA,NA
9,217,WSGS,B,1,NA,NA
9,217,WSGS,BA,1,NA,NA
9,217,BSGS,B,1,NA,NA
9,217,BSGS,BA,1,NA,NA
9,217,PORUID,R,2,NA,NA
9,217,POREXP,R,3,NA,NA
9,217,POREXP,B,3,NA,NA
9,227,OJ,B,3,NA,NA
9,227,OJGL,B,2,NA,NA
9,227,MEXRED,B,1,NA,NA
9,227,SLIPSTF,B,1,NA,NA
9,227,ELMOR,B,3,NA,NA
9,227,REY,B,4,NA,NA
9,227,UIDPOLY,R,1,NA,NA
9,227,UIDMAJ,B,2,NA,NA
9,227,CW,B,2,NA,NA
9,227,CW,BA,1,NA,NA
9,227,CWFE,R,2,NA,NA
9,227,PWSE,R,1,DAGGER DESIGN,NA
9,227,WWTP,R,1,NA,NA
9,227,WWTP,B,2,NA,NA
9,227,WW,B,3,NA,NA
9,227,REFEW,B,1,NA,NA
9,227,SGS,B,4,BL/GY,NA
9,227,SGS,BA,4,BL/GY,NA
9,227,PORUID,B,1,NA,NA
9,227,POREXP,R,1,NA,NA
9,227,POROG,BA,1,NA,NA
9,227,POREUR,B,1,NA,NA
9,229,OJ,R,1,NA,NA
9,229,OJ,B,3,NA,NA
9,229,OJGL,B,2,NA,NA
9,229,CP,R,1,NA,NA
9,229,CP,B,1,NA,NA
9,229,SEVBB,B,1,NA,NA
9,229,PUEBW,B,1,NA,NA
9,230,OJ,B,10,NA,NA
9,230,OJGL,B,5,NA,NA
9,230,ORMIC,B,1,NA,NA
9,230,MEXRED,B,1,NA,NA
9,230,LDGLCE,B,1,NA,NA
9,230,ELMOR,B,1,NA,NA
9,230,BLGCE,B,1,NA,NA
9,230,UIDBW,B,1,NA,NA
9,230,UIDMAJ,B,3,NA,NA
9,230,UIDMAJ,BA,1,NA,NA
9,230,UIDPOLY,B,1,NA,NA
9,230,CP,R,1,NA,NA
9,230,ICHBW,B,1,NA,NA
9,230,SLBW,B,1,NA,NA
9,231,OJ,B,5,NA,NA
9,231,OJGL,B,3,NA,NA
9,231,ELMOR,B,1,NA,NA
9,231,DELFTBW,R,1,NA,NA
9,231,UIDMAJ,R,1,NA,NA
9,231,UIDMAJ,B,1,NA,NA
9,231,SEVBB,B,1,NA,NA
9,234,UIDCEW,R,1,NA,NA
9,234,OJGL,B,6,NA,NA
9,234,SSJ,B,6,NA,NA
9,234,MARINE,R,2,NA,NA
9,234,PUEBW,BA,1,NA,NA
9,234,CW,B,1,NA,NA
9,336,OJGL,B,1,NA,NA
9,336,MEXRED,R,1,NA,NA
9,336,LDGLCE,B,1,NA,NA
9,336,ELMOR,R,1,NA,NA
9,336,ELMOR,B,2,NA,NA
9,336,DELFT,B,1,NA,NA
9,336,DELFTPOLY,B,1,NA,NA
9,336,PUEBW,B,1,NA,NA
9,336,CW,B,1,NA,NA
9,336,POROG,BA,1,PLATE,NA
9,338,OJGL,B,2,NA,NA
9,338,SSJ,BA,4,NA,NA
9,338,ELMOR,B,1,NA,NA
9,338,UIDBW,B,1,NA,NA
9,338,UIDMAJ,R,1,NA,NA
9,338,UIDMAJ,B,1,NA,NA
9,338,CAPBLU,B,1,NA,NA
9,338,ICHBW,B,2,NA,NA
9,338,PUEBW,B,1,NA,NA
9,338,WSGS,R,1,NA,NA
9,341,OJ,R,1,NA,NA
9,341,OJ,B,13,NA,NA
9,341,OJGL,R,1,NA,NA
9,341,OJGL,B,4,NA,NA
9,341,LDGLCE,R,1,GR/BR,NA
9,341,LDGLCE,B,2,NA,NA
9,341,SLIPSTF,R,3,NA,NA
9,341,SLIPSTF,B,1,NA,NA
9,341,SLIPSTF,HA,1,NA,NA
9,341,ELMOR,B,3,NA,NA
9,341,BLGCE,B,1,NA,NA
9,341,DELFT,R,1,NA,NA
9,341,DELFT,B,2,NA,NA
9,341,DELFT,BA,1,NA,NA
9,341,DELFTBW,R,1,NA,NA
9,341,DELFTBW,B,1,NA,NA
9,341,FAIPOLY,B,1,NA,NA
9,341,UIDMEX,B,2,NA,NA
9,341,UIDPOLY,R,1,NA,NA
9,341,CP,R,1,NA,NA
9,341,SEVBB,B,1,NA,NA
9,341,SEVBB,BA,1,NA,NA
9,341,ICHBW,B,1,NA,NA
9,341,BLGRBACIN,HA,1,POSSIBLE,NA
9,341,FIGSP,BA,1,NA,NA
9,341,SLPOLY,B,1,NA,NA
9,341,MXCGC,R,1,NA,NA
9,341,PUEBW,R,1,NA,NA
9,341,PUEBW,B,1,NA,NA
9,341,CW,B,7,NA,NA
9,341,WHEILD,B,2,NA,NA
9,341,CW,R,2,"CUP, BEAD RIM",NA
9,341,CW,B,2,CUP,NA
9,341,CW,BA,1,CUP,Y
9,341,CWHP,R,1,"FLORAL, RD",Y
9,341,CW,R,8,CHAMBER POT,NA
9,341,CW,B,2,CHAMBER POT,NA
9,341,CW,BA,1,CHAMBER POT,NA
9,341,WSGS,R,3,NA,NA
9,341,WSGS,B,2,NA,NA
9,341,WSGS,R,8,BOWL,NA
9,341,WSGS,B,3,BOWL,NA
9,341,WSGS,BA,1,BOWL,NA
9,341,BSGS,B,1,NA,NA
9,341,POREXP,R,2,NA,NA
9,341,POREXP,B,4,NA,NA
9,341,PORKRAAK,B,1,NA,NA
9,341,POROG,R,2,NA,NA
9,341,POROG,B,8,NA,NA
9,355,UIDMAJ,B,1,NA,NA
9,355,POROG,R,1,NA,NA
9,355,POROG,B,3,NA,NA
9,356,UIDCEW,B,2,NA,NA
9,356,OJ,B,5,NA,NA
9,356,OJGL,B,1,NA,NA
9,356,LDGLCE,B,2,NA,NA
9,356,SLIPSTF,B,1,NA,NA
9,356,ELMOR,B,3,NA,NA
9,356,DELFT,B,1,NA,NA
9,356,BISQ,B,1,NA,NA
9,356,UIDMAJ,B,1,NA,NA
9,356,PUEBW,R,1,NA,NA
9,356,PUEBW,B,1,NA,NA
9,356,CW,B,4,NA,NA
9,356,CW,BA,2,NA,NA
9,356,CWHP,B,1,OVERGLAZE RED,NA
9,356,NOTT,B,1,NA,NA
9,356,WSGS,R,1,NA,NA
9,356,WSGS,B,1,NA,NA
9,356,WSGS,BA,1,NA,NA
9,356,SGS,B,1,GY,NA
9,356,SGS,B,1,BL/GY,NA
9,356,POREXP,B,1,1750S 90% COMPLETE,NA
9,356,PORMING,B,1,NA,NA
9,356,POROG,B,1,CUP IN 388,NA
9,356,POROG,R,1,NA,NA
9,357,OJ,B,1,NA,NA
9,357,OJGL,B,3,NA,NA
9,357,ORMIC,B,1,NA,NA
9,357,MEXRED,R,1,NA,NA
9,357,LDGLCE,B,2,NA,NA
9,357,ELMOR,B,1,NA,NA
9,357,UIDMAJ,B,1,NA,NA
9,357,CP,R,1,NA,NA
9,357,PUEBW,B,2,NA,NA
9,358,OJ,B,3,NA,NA
9,358,OJGL,B,2,NA,NA
9,358,ELMOR,B,1,NA,NA
9,358,UIDMAJ,B,1,NA,NA
9,358,UIDMEX,B,1,NA,NA
9,358,CP,B,1,NA,NA
9,358,SEVBB,B,1,NA,NA
9,358,PORUID,B,2,NA,NA
9,359,OJ,B,17,NA,NA
9,359,OJGL,B,6,NA,NA
9,359,LDGLCE,B,3,NA,NA
9,359,ELMOR,B,3,NA,NA
9,359,ELMOR,BA,1,NA,NA
9,359,DELFTBW,B,3,NA,NA
9,359,DELFTBW,BA,1,NA,NA
9,359,UIDMAJ,R,1,PINK PASTE,NA
9,359,UIDMAJ,B,2,PINK PASTE,NA
9,359,UIDMAJ,R,1,CREAM PASTE,NA
9,359,UIDMAJ,B,2,CREAM PASTE,NA
9,359,SEVBB,R,1,NA,NA
9,359,SEVBB,B,3,NA,NA
9,369,OJ,B,2,NA,NA
9,369,OJGL,B,4,NA,NA
9,369,SSJ,R,1,NA,NA
9,369,UIDMAJ,B,1,NA,NA
9,369,POREXP,B,1,NA,NA
9,376,UIDCEW,R,1,NA,NA
9,376,OJ,B,7,NA,NA
9,376,SSJ,B,3,NA,NA
9,376,ELMOR,B,2,NA,NA
9,376,SLBW,B,1,NA,NA
9,376,PUEBW,B,1,NA,NA
9,376,NOTT,B,1,NA,NA
9,376,WSGS,BA,1,NA,NA
9,387,OJ,R,1,NA,NA
9,387,OJ,B,32,NA,NA
9,387,OJGL,B,25,NA,NA
9,387,OJGL,BA,1,NA,NA
9,387,BLGRBACIN,R,1,NA,NA
9,387,BLGRBACIN,B,2,NA,NA
9,387,LDGLCE,R,1,16TH C?,NA
9,387,LDGLCE,B,1,NA,NA
9,387,ELMOR,B,11,NA,NA
9,387,UIDMEX,B,3,NA,NA
9,387,CP,R,2,NA,NA
9,387,CP,B,2,NA,NA
9,387,STODOM,B,2,BACIN RIM,NA
9,387,STODOM,BA,1,BOWL,NA
9,387,SEVWITE,BA,1,NA,NA
9,387,SEVBB,B,5,NA,NA
9,387,CW,B,2,NA,NA
9,387,WSGS,R,1,NA,NA
9,388,OJ,R,2,NA,NA
9,388,OJ,B,55,NA,NA
9,388,OJGL,R,1,NA,NA
9,388,OJGL,B,37,NA,NA
9,388,OJGL,DISK,1,NA,NA
9,388,ORMIC,B,1,NA,NA
9,388,BLGRBACIN,R,1,NA,NA
9,388,BLGRBACIN,B,2,NA,NA
9,388,MEXRED,B,7,NA,NA
9,388,MEXRED,B,1,NA,NA
9,388,LDGLCE,B,11,NA,NA
9,388,BLGCE,B,2,NA,NA
9,388,ENGMAJ,R,1,POSSIBLE,NA
9,388,ENGMAJ,R,1,POSSIBLE,NA
9,388,ENGMAJ,B,1,POSSIBLE,NA
9,388,ENGMAJ,B,1,POSSIBLE; BW,NA
9,388,DELFT,R,1,NA,NA
9,388,DELFT,B,1,BOWL,NA
9,388,DELFT,B,23,NA,NA
9,388,BISQ,R,2,NA,NA
9,388,BISQ,B,10,NA,NA
9,388,UIDMAJ,R,2,"RD PASTE, YE PASTE",NA
9,388,UIDMAJ,B,6,NA,NA
9,388,UIDBW,R,1,NA,NA
9,388,UIDBW,B,6,NA,NA
9,388,UIDMAJ,R,1,NA,NA
9,388,UIDMAJ,B,8,NA,NA
9,388,UIDPOLY,R,2,NA,NA
9,388,UIDPOLY,B,1,NA,NA
9,388,CP,R,2,NA,Y
9,388,CP,B,2,NA,NA
9,388,SEVBB,R,1,NA,NA
9,388,SEVBB,B,2,NA,NA
9,388,ICHBW,R,1,NA,NA
9,388,ICHBW,B,1,NA,NA
9,388,ICHBW,BA,2,NA,NA
9,388,SLBW,R,2,NA,NA
9,388,SLBW,B,3,NA,NA
9,388,SLPOLY,R,1,NA,NA
9,388,SLPOLY,BA,1,NA,NA
9,388,MXCBC,B,1,NA,NA
9,388,PLAYA,B,2,NA,NA
9,388,PUEPOLY,B,2,POSSIBLE,NA
9,388,PUEBW,R,1,NA,NA
9,388,PUEBW,B,12,NA,NA
9,388,PUEBW,BA,1,NA,NA
9,388,UIDPUE,R,1,"CUP OR/BR RIM, BL DEC",NA
9,388,UIDPOLY,R,1,19TH C. OLD WORLD PR/WH,NA
9,388,UIDPOLY,R,1,19TH C. OLD WORLD,NA
9,388,CW,R,1,NA,NA
9,388,CW,B,2,NA,NA
9,388,CW,BA,5,NA,NA
9,388,CW,HA,1,NA,NA
9,388,CWFE,R,2,NA,NA
9,388,PW,B,1,NA,NA
9,388,WWTP,B,1,NA,NA
9,388,NOTT,R,2,NA,NA
9,388,NOTT,B,1,NA,NA
9,388,BSGS,B,4,NA,NA
9,388,SGS,B,1,GY,NA
9,388,REFEW,B,1,NA,NA
9,388,ELERS,B,10,NA,NA
9,388,ELERS,BA,1,NA,NA
9,388,WHEILD,B,16,NA,NA
9,388,SLIPSTF,R,2,MUG,NA
9,388,SLIPSTF,B,12,MUG,NA
9,388,SLIPSTF,BA,1,MUG,NA
9,388,SLIPSTF,B,2,NA,NA
9,388,SLIPSTF,R,1,NA,NA
9,388,SLIPSTF,B,2,NA,NA
9,388,SLIPSTF,R,5,NA,NA
9,388,SLIPSTF,B,13,NA,NA
9,388,SLIPSTF,HA,1,NA,NA
9,388,SLIPSTF,B,1,MARBLED,NA
9,388,SLIPSTF,B,1,BAT MOLDED,NA
9,388,SLIPMOR,R,1,NA,NA
9,388,POREXP,B,1,PLATE,NA
9,388,POREXP,R,1,NA,NA
9,388,PORUID,B,7,NA,NA
9,388,PORUID,BA,1,NA,NA
9,388,PORUID,HA,3,NA,NA
9,388,POREXP,R,2,NA,NA
9,388,POREXP,B,7,NA,NA
9,388,POREXP,BA,3,NA,NA
9,388,POREXP,R,2,BOWL,NA
9,388,PORMING,R,4,NA,NA
9,388,PORMING,B,4,NA,NA
9,388,POREUR,B,1,NA,NA
9,388,POREXP,R,2,PLATES,NA
9,388,POROG,R,1,MISC PLATES,NA
9,388,POROG,B,3,MISC PLATES,NA
9,388,POROG,BA,1,MISC PLATES,NA
9,388,POROG,R,1,CUP,NA
9,388,POROG,R,5,"BOWL, BR RIM",NA
9,388,POREXP,BA,1,CUP,NA
9,388,POROG,R,2,NA,NA
9,388,POROG,B,2,CUP,NA
9,388,POROG,HA,1,CUP,NA
9,388,POROG,B,2,PLATE,NA
9,388,POROG,R,1,PLATE FRAG,NA
9,388,POROG,BA,1,PLATE FRAG,NA
9,388,POROG,B,2,CUP FRAGS,NA
9,388,POROG,BA,1,CUP FRAGS,NA
9,388,CW,R,1,5.5 DIA.,NA
9,388,CW,B,1,11.5 DIA.,NA
9,388,CW,B,1,FLOWER BUD,NA
9,388,CW,B,1,CREAMER,NA
9,389,UIDCEW,BA,1,NA,NA
9,389,OJ,R,2,NA,NA
9,389,OJ,B,29,NA,NA
9,389,OJGL,R,2,NA,NA
9,389,OJGL,B,6,NA,NA
9,389,ORMIC,B,1,NA,NA
9,389,MEXRED,B,1,NA,NA
9,389,GUADA,B,1,NA,NA
9,389,LDGLCE,B,5,NA,NA
9,389,ELMOR,B,2,NA,NA
9,389,DELFTBW,B,1,NA,NA
9,389,BISQ,B,1,NA,NA
9,389,UIDMAJ,BA,1,FR,NA
9,389,CP,R,2,NA,NA
9,389,CP,B,2,NA,NA
9,389,CP,BA,1,NA,NA
9,389,STODOM,B,2,NA,NA
9,389,SEVWITE,BA,1,NA,NA
9,389,FIGSP,B,1,NA,NA
9,389,WSGS,R,1,NA,NA
9,390,OJ,B,40,NA,NA
9,390,OJGL,B,9,NA,NA
9,390,SSJ,R,1,NA,NA
9,390,SSJ,B,2,NA,NA
9,390,GUADA,B,1,NA,NA
9,390,LDGLCE,B,1,GR GL,NA
9,390,ELMOR,B,2,NA,NA
9,390,ELMOR,HA,1,NA,NA
9,390,DELFTBW,B,2,NA,NA
9,390,MARINE,R,1,NA,NA
9,390,MARINE,B,1,NA,NA
9,390,UIDPOLY,B,1,NA,NA
9,390,UIDMEX,R,3,NA,NA
9,390,CP,R,2,NA,NA
9,390,CP,B,1,NA,NA
9,390,CP,BA,1,NA,NA
9,390,STODOM,B,1,NA,NA
9,390,SEVBB,B,6,NA,NA
9,390,SEVBB,BA,1,NA,NA
9,390,ICHBW,B,1,NA,NA
9,390,SLBW,R,1,NA,NA
9,390,FIGSP,B,1,NA,NA
9,390,MXCBC,R,1,NA,NA
9,390,PUEBW,B,1,NA,NA
9,390,PW,BA,1,NA,NA
9,390,PWSE,B,1,NA,NA
9,390,REFEWTP,B,1,NA,NA
9,390,BSGS,BA,1,NA,NA
9,390,POREXP,B,1,NA,NA
9,408,OJ,B,9,NA,NA
9,408,OJGL,B,5,NA,NA
9,408,ORMIC,R,1,NA,NA
9,408,ORMIC,B,1,NA,NA
9,408,LDGLCE,B,2,NA,NA
9,408,SLIPSTF,B,1,NA,NA
9,408,BLGRBACIN,R,1,NA,NA
9,408,BLGCE,B,1,NA,NA
9,408,BISQ,R,1,NA,NA
9,408,BISQ,B,1,NA,NA
9,408,UIDMAJ,R,1,NA,NA
9,408,SEVBB,B,1,NA,NA
9,408,SLBW,B,1,NA,NA
9,408,FIGSP,B,1,NA,NA
9,408,PUEBW,B,1,NA,NA
9,408,PUEBW,BA,1,NA,NA
9,408,RHEN,B,1,NA,NA
9,408,PORMING,R,1,NA,NA
9,408,PORMING,B,1,NA,NA
9,446,OJ,B,13,NA,NA
9,446,OJGL,B,4,NA,NA
9,446,ORMIC,B,1,NA,NA
9,446,MEXRED,B,2,NA,NA
9,446,LDGLCE,B,2,NA,NA
9,446,ELMOR,B,1,NA,NA
9,446,ELMOR,BA,1,NA,NA
9,446,BISQ,B,1,NA,NA
9,446,UIDMEX,B,1,NA,NA
9,446,UIDMAJ,R,1,NA,NA
9,446,CP,BA,1,NA,NA
9,446,FIGSP,R,1,NA,NA
9,446,PUEPOLY,B,2,NA,NA
9,446,RHEN,B,1,NA,NA
9,447,OJ,B,7,NA,NA
9,447,OJGL,B,1,NA,NA
9,447,MEXRED,B,1,NA,NA
9,447,BLGRBACIN,BA,1,NA,NA
9,447,CP,BA,1,NA,NA
9,447,STODOM,B,1,NA,NA
11,159,OJ,B,6,NA,NA
11,159,OJGL,R,2,NA,NA
11,159,OJGL,B,10,NA,NA
11,159,ORMIC,B,2,NA,NA
11,159,OJGL,B,1,NA,NA
11,159,MEXRED,B,7,NA,NA
11,159,LDGLCE,R,1,NA,NA
11,159,ELMOR,B,2,NA,NA
11,159,DELFT,R,1,NA,NA
11,159,DELFT,B,1,NA,NA
11,159,DELFTBW,B,1,NA,NA
11,159,DELFTPOLY,B,2,NA,NA
11,159,UIDBW,B,2,NA,NA
11,159,UIDMAJ,B,4,NA,NA
11,159,UIDMEX,R,2,NA,NA
11,159,UIDMEX,B,1,NA,NA
11,159,CP,B,1,NA,NA
11,159,STODOM,R,1,NA,NA
11,159,UIDMAJ,B,1,NA,NA
11,159,SEVBB,R,1,NA,NA
11,159,SEVBB,B,1,NA,NA
11,159,ICHBW,B,1,NA,NA
11,159,MXCBC,BA,2,NA,NA
11,159,SLBW,B,3,NA,NA
11,159,SLPOLY,R,3,NA,NA
11,159,SLPOLY,B,6,NA,NA
11,159,UIDMEX,R,4,NA,NA
11,159,UIDMEX,B,2,NA,NA
11,159,UIDMEX,R,1,FINE PASTE,NA
11,159,ABOPOLY,B,1,NA,NA
11,159,ABOPOLY,BA,1,NA,NA
11,159,PUEBW,B,4,NA,NA
11,159,SABW,B,3,NA,NA
11,159,PLAYA,R,1,POLY,NA
11,159,CW,B,2,NA,NA
11,159,PW,B,1,NA,NA
11,159,SGS,B,1,CREAM,NA
11,159,PORUID,R,1,NA,NA
11,159,PORUID,B,1,NA,NA
11,159,POREXP,B,3,NA,NA
11,163,UIDCEW,B,1,NA,NA
11,163,OJ,B,6,NA,NA
11,163,MEXRED,B,2,NA,NA
11,163,LDGLCE,B,1,NA,NA
11,163,DELFTBW,R,1,NA,NA
11,163,DELFTBW,B,3,NA,NA
11,163,UIDMAJ,B,2,NA,NA
11,163,SEVBB,B,1,NA,NA
11,163,SLPOLY,B,2,NA,NA
11,163,UIDMEX,BA,1,NA,NA
11,163,ARANAMA,B,2,NA,NA
11,163,PANP,R,1,NA,NA
11,163,CW,B,3,NA,NA
11,164,OJ,B,10,NA,NA
11,164,MEXRED,R,1,NA,NA
11,164,MEXRED,B,2,NA,NA
11,164,DELFTBW,B,2,NA,NA
11,164,UIDMAJ,B,1,NA,NA
11,164,YAYAL,R,1,NA,NA
11,164,YAYAL,B,1,NA,NA
11,164,STODOM,B,1,NA,NA
11,164,SEVBB,B,1,NA,NA
11,164,SEVBB,BA,1,NA,NA
11,164,ICHBW,B,1,NA,NA
11,164,SLPOLY,R,1,NA,NA
11,164,ABOPOLY,R,1,NA,NA
11,164,PUEBW,B,1,NA,NA
11,164,PUEBW,BA,1,NA,NA
11,164,REFEW,B,1,NA,NA
11,165,OJ,B,1,NA,NA
11,166,OJ,B,9,NA,NA
11,166,CP,B,1,NA,NA
11,167,OJ,B,11,NA,NA
11,167,ORMIC,B,1,NA,NA
11,167,MEXRED,B,2,NA,NA
11,167,SLPOLY,R,1,NA,NA
11,167,SLPOLY,B,3,NA,NA
11,168,OJ,R,1,NA,NA
11,168,OJ,B,5,NA,NA
11,168,LDGLCE,B,1,NA,NA
11,168,ELMOR,B,1,NA,NA
11,168,UIDMAJ,R,1,NA,NA
11,168,SLBW,R,1,NA,NA
11,168,PUEBW,B,1,NA,NA
11,169,OJ,B,19,NA,NA
11,169,MEXRED,B,5,NA,NA
11,169,LDGLCE,B,1,NA,NA
11,169,ELMOR,B,2,NA,NA
11,169,BISQ,B,2,NA,NA
11,169,SLBW,B,1,NA,NA
11,169,FIGSP,R,1,NA,NA
11,169,PUEPOLY,B,3,NA,NA
11,169,UIDSW,B,1,NA,NA
11,174,UIDCEW,B,1,NA,NA
11,174,UIDCEW,B,2,NA,NA
11,174,OJ,B,23,NA,NA
11,174,OJ,BA,2,NA,NA
11,174,REDWAR,B,1,FLOWER POT,NA
11,174,LDGLCE,B,1,NA,NA
11,174,CP,R,1,NA,NA
11,174,CP,B,1,NA,NA
11,174,CP,BA,1,NA,NA
11,174,SEVBB,BA,2,NA,NA
11,174,ICHBW,B,2,NA,NA
11,174,SLPOLY,B,3,NA,NA
11,174,ABOPOLY,B,1,TYPE B,NA
11,174,PUEBW,B,1,NA,NA
11,174,POREXP,R,1,NA,NA
11,179,OJ,B,6,NA,NA
11,179,GUADA,B,1,NA,NA
11,179,CP,R,1,NA,NA
11,179,CP,B,1,NA,NA
11,179,ISABELA,BA,1,NA,NA
11,179,SEVBB,B,1,NA,NA
11,179,UIDTE,B,3,NA,NA
11,182,OJ,B,39,NA,NA
11,182,OJGL,B,1,NA,NA
11,182,ORMIC,B,2,NA,NA
11,182,UIDTE,B,1,NA,NA
11,182,MEXRED,R,1,NA,NA
11,182,MEXRED,B,9,NA,NA
11,182,ELMOR,R,1,NA,NA
11,182,ELMOR,BA,1,NA,NA
11,182,LDGLCE,B,2,GR GL,NA
11,182,DELFTPOLY,B,1,NA,NA
11,182,FAI,B,1,NA,NA
11,182,ENGMAJ,B,1,POSSIBLE,NA
11,182,ENGMAJ,BA,1,POSSIBLE,NA
11,182,CP,R,1,NA,NA
11,182,CP,B,3,NA,NA
11,182,ISABELA,BA,1,POSSIBLE,NA
11,182,SEVBB,R,1,NA,NA
11,182,SEVBB,B,3,NA,NA
11,182,SEVBB,BA,1,NA,NA
11,182,ICHBW,R,1,NA,NA
11,182,ICHBW,B,2,NA,NA
11,182,FIGSP,R,1,NA,NA
11,182,FIGSP,B,5,NA,NA
11,182,UIDMEX,R,1,NA,NA
11,182,UIDMEX,B,2,NA,NA
11,182,SGS,B,1,RED PASTE,NA
11,204,OJ,B,12,NA,NA
11,204,REDWAR,B,1,NA,NA
11,204,MEXRED,B,4,NA,NA
11,204,ELMOR,B,1,NA,NA
11,204,UIDMAJ,B,1,NA,NA
11,204,STODOM,B,1,NA,NA
11,204,FIGSP,B,1,NA,NA
11,204,FIGSP,BA,1,NA,NA
11,205,OJ,B,4,NA,NA
11,205,MEXRED,B,1,NA,NA
11,205,SEVBB,B,1,NA,NA
11,206,REDWAR,B,1,NA,NA
11,207,OJ,B,4,NA,NA
11,207,ELMOR,B,1,NA,NA
11,213,BLGRBACIN,B,1,NA,NA
11,213,OJGL,B,5,NA,NA
11,213,CP,R,1,NA,NA
11,214,UIDCEW,B,1,NA,NA
11,214,UIDCEW,B,2,NA,NA
11,214,OJ,B,13,NA,NA
11,214,OJGL,B,3,NA,NA
11,214,BISQ,B,14,NA,NA
11,214,UIDMEX,B,1,"CUP, FINE PASTE",NA
11,215,OJ,B,11,NA,NA
11,215,ORMIC,B,1,NA,NA
11,215,ELMOR,B,1,NA,NA
11,215,BISQ,B,1,NA,NA
11,215,CP,BA,1,NA,NA
11,215,FIGSP,B,1,NA,NA
11,218,OJ,B,1,NA,NA
11,220,CP,R,1,NA,NA
11,221,ICHBW,R,1,NA,NA
11,221,FIGSP,BA,1,NA,NA
11,222,CP,R,1,NA,NA
11,222,FIGSP,B,1,NA,NA
11,223,UIDMAJ,B,1,NA,NA
11,233,OJ,B,5,NA,NA
11,235,UIDMAJ,B,1,NA,NA
11,236,OJ,B,7,NA,NA
11,236,MEXRED,B,2,NA,NA
11,236,UIDMAJ,B,1,NA,NA
11,237,OJ,B,1,NA,NA
11,238,OJ,B,1,NA,NA
11,238,MEXRED,B,1,NA,NA
11,238,UIDMAJ,B,2,NA,NA
11,239,ELMOR,B,1,NA,NA
11,239,UIDMAJ,B,2,NA,NA
11,240,OJ,B,1,POSSIBLE,NA
11,241,UIDMAJ,B,1,POSSIBLE SM,NA
11,241,CP,B,1,NA,NA
11,242,MEXRED,B,2,NA,NA
11,242,ELMOR,B,1,NA,NA
11,279,BLGRBACIN,B,19,GLAZE INT,NA
11,279,OJGL,B,1,NA,NA
11,279,ORMIC,B,2,NA,NA
11,279,OJ,B,1,INCISED,NA
11,279,REY,B,4,POSSIBLE,NA
11,279,LDGLCE,B,1,16TH C,NA
11,279,LUSTER,B,1,METALLIC,NA
11,279,OJ,R,5,NA,NA
11,279,OJ,B,102,NA,NA
11,279,LDGLCE,R,1,NA,NA
11,279,CP,B,1,NA,NA
11,279,CP,BA,1,NA,NA
11,279,YAYAL,B,2,NA,NA
11,279,YAYAL,BA,1,NA,NA
11,279,UIDBW,B,1,NA,NA
11,279,BISQ,B,2,NA,NA
11,279,PORUID,R,1,NA,NA
11,279,PORUID,B,1,NA,NA
11,281,OJ,R,1,NA,NA
11,281,OJ,B,43,NA,NA
11,281,MEXRED,R,1,NA,NA
11,281,MEXRED,B,10,NA,NA
11,281,MEXRED,BA,1,NA,NA
11,281,MARINE,B,1,NA,NA
11,281,REY,R,1,NA,NA
11,281,CP,B,2,NA,NA
11,281,SEVBB,R,1,NA,NA
11,281,SEVBB,B,4,NA,NA
11,281,UIDBW,B,4,NA,NA
11,281,UIDMAJ,R,2,NA,NA
11,281,UIDMAJ,B,2,NA,NA
11,282,OJ,B,7,NA,NA
11,282,ELMOR,B,1,NA,NA
11,282,LIGURIANBB,B,1,NA,NA
11,282,BISQ,B,2,NA,NA
11,283,OJ,B,12,NA,NA
11,283,MEXRED,B,1,NA,NA
11,283,MEXRED,HA,1,NA,NA
11,283,ELMOR,B,1,NA,NA
11,283,BLGCE,B,1,NA,NA
11,283,CP,HA,1,NA,NA
11,283,LIGURIANBB,R,1,NA,NA
11,283,UIDBW,R,1,NA,NA
11,283,DELFT,B,1,NA,NA
11,283,BISQ,B,1,NA,NA
11,284,OJ,B,5,NA,NA
11,284,MEXRED,B,3,NA,NA
11,284,CP,R,1,NA,NA
11,284,CP,BA,1,NA,NA
11,284,SEVBB,B,1,NA,NA
11,284,UIDMAJ,B,1,NA,NA
11,285,OJ,R,1,NA,NA
11,285,OJ,B,11,NA,NA
11,285,MEXRED,B,3,NA,NA
11,285,GUADA,R,1,POSSIBLE,NA
11,285,OJGL,B,2,NA,NA
11,285,UIDCEW,B,2,NA,NA
11,285,LIGURIANBB,B,2,NA,NA
11,285,UIDMAJ,B,1,NA,NA
11,285,DELFT,B,1,NA,NA
11,286,OJ,R,1,NA,NA
11,286,OJ,B,11,NA,NA
11,286,MEXRED,B,2,NA,NA
11,286,ELMOR,B,1,NA,NA
11,286,ORMIC,B,1,POSSIBLE,NA
11,286,SEVBB,B,1,NA,NA
11,286,SLBW,B,1,NA,NA
11,286,ARANAMA,R,1,NA,NA
11,286,ARANAMA,B,2,NA,NA
11,286,UIDMAJ,B,1,NA,NA
11,286,DELFT,B,1,NA,NA
11,286,PWHP,B,1,OVERGLAZE RED,NA
11,348,OJ,B,3,NA,NA
11,349,OJ,B,1,NA,NA
11,350,OJ,B,4,NA,NA
11,350,ELMOR,B,1,NA,NA
11,405,OJ,B,4,NA,NA
11,405,ELMOR,B,2,NA,NA
11,405,ICHBW,B,1,NA,NA
11,NA,SLBW,B,1,NA,NA
11,409,OJ,B,16,NA,NA
11,409,OJ,B,2,VITRIFIED,NA
11,409,MEXRED,R,1,NA,NA
11,409,OJ,B,7,YEGR INT. GL,NA
11,409,ELMOR,B,2,NA,NA
11,409,CP,R,2,NA,NA
11,409,BISQ,B,6,NA,NA
11,413,OJ,R,1,NA,NA
11,413,OJ,B,25,NA,NA
11,413,OJ,B,2,YEGR INT. GL,NA
11,413,MEXRED,B,11,NA,NA
11,413,ORMIC,B,1,POSSIBLE,NA
11,413,BLGRBACIN,B,1,OR OJ,NA
11,413,ELMOR,B,3,NA,NA
11,413,CP,R,1,NA,NA
11,413,CP,B,2,NA,NA
11,413,YAYAL,R,1,NA,NA
11,413,YAYAL,B,2,NA,NA
11,413,SEVBB,R,1,NA,NA
11,413,ICHBW,R,1,NA,NA
11,413,ICHBW,B,1,NA,NA
11,414,OJ,R,44,NA,NA
11,414,OJ,B,78,NA,NA
11,414,OJGL,B,11,NA,NA
11,414,MEXRED,B,1,POSSIBLE,NA
11,414,OJ,R,2,HEAVILY VITRIFIED,NA
11,414,OJ,B,62,HEAVILY VITRIFIED,NA
11,414,ELMOR,B,1,NA,NA
11,414,YUCA,B,1,NA,NA
11,414,CP,B,1,NA,NA
11,414,CP,BA,1,NA,NA
11,414,SEVBB,B,1,NA,NA
11,415,OJ,B,8,NA,NA
11,415,ORMIC,B,1,NA,NA
11,415,MEXRED,B,2,NA,NA
11,415,BLGRBACIN,R,1,OR OJ,NA
11,415,ELMOR,B,1,NA,NA
11,415,CP,B,2,NA,NA
11,415,YAYAL,B,1,NA,NA
11,457,OJ,B,36,NA,NA
11,457,ORMIC,R,1,NA,NA
11,457,ORMIC,B,3,NA,NA
11,457,MEXRED,B,2,NA,NA
11,457,OJGL,B,11,NA,NA
11,457,OJGL,B,1,NA,NA
11,457,OJ,R,1,POSSIBLE,NA
11,457,ELMOR,R,2,NA,NA
11,457,ELMOR,B,4,NA,NA
11,457,LDGLCE,B,1,16TH C,NA
11,457,UIDCEW,B,2,NA,NA
11,457,FELDIN,B,2,POSSIBLE,NA
11,457,CP,R,2,NA,NA
11,457,YAYAL,B,1,POSSIBLE,NA
11,457,SEVBB,B,8,NA,NA
11,457,UIDMAJ,R,1,NA,NA
11,457,UIDMAJ,B,3,NA,NA
11,457,PORMING,B,1,NA,NA
11,459,OJ,B,16,NA,NA
11,459,ORMIC,B,1,NA,NA
11,459,MEXRED,B,15,NA,NA
11,459,MEXRED,HA,1,NA,NA
11,459,GUADA,B,1,NA,NA
11,459,OJGL,B,3,NA,NA
11,459,ELMOR,B,2,NA,NA
11,459,UIDCEW,R,1,NA,NA
11,459,YUCA,B,1,NA,NA
11,459,YAYAL,R,1,POSSIBLE,NA
11,459,STODOM,B,1,NA,NA
11,459,LIGURIANBB,R,1,NA,NA
11,459,ICHBW,B,1,NA,NA
11,459,UIDBW,B,1,NA,NA
11,459,UIDMAJ,R,2,NA,NA
11,459,BISQ,B,1,NA,NA
11,460,OJ,B,1,NA,NA
11,460,MEXRED,B,1,NA,NA
11,460,OJGL,B,1,NA,NA
11,461,OJ,B,4,NA,NA
11,463,OJ,B,6,NA,NA
11,463,ORMIC,B,3,NA,NA
11,463,OJGL,B,4,NA,NA
11,463,ELMOR,B,1,NA,NA
11,463,SLBW,R,1,NA,NA
11,463,SLBW,B,6,NA,NA
11,463,UIDMAJ,B,1,NA,NA
11,463,DELFT,B,1,NA,NA
11,464,OJ,R,1,NA,NA
11,464,OJ,B,22,NA,NA
11,464,ORMIC,B,4,NA,NA
11,464,MEXRED,R,1,NA,NA
11,464,MEXRED,B,9,NA,NA
11,464,GUADA,B,1,NA,NA
11,464,CP,B,1,NA,NA
11,464,SEVBB,B,2,NA,NA
11,464,SLBW,B,1,POSSIBLE,NA
11,464,UIDBW,B,1,NA,NA
11,464,UIDMAJ,R,1,NA,NA
11,464,UIDMAJ,B,1,NA,NA
11,464,BISQ,B,1,NA,NA
10,152,OJ,B,11,NA,NA
10,152,OJGL,B,3,NA,NA
10,152,SSJ,BA,1,NA,NA
10,152,LDGLCE,B,1,NA,NA
10,152,ELMOR,B,1,NA,NA
10,152,UIDMEX,B,1,NA,NA
10,152,UIDMAJ,R,1,NA,NA
10,152,UIDMAJ,B,2,NA,NA
10,152,UIDPOLY,B,1,NA,NA
10,152,STODOM,R,1,NA,NA
10,152,SLPOLY,B,2,NA,NA
10,152,PUEPOLY,B,1,NA,NA
10,152,PUEBW,B,2,BOWL/CUP,NA
10,152,PUEBW,BA,3,BOWL/CUP,NA
10,154,OJ,B,5,NA,NA
10,154,OJGL,B,2,NA,NA
10,154,LDGLCE,B,3,NA,NA
10,154,ELMOR,B,1,NA,NA
10,154,FAIBW,R,1,NA,NA
10,154,UIDMEX,B,1,NA,NA
10,154,TALAVERA POLY,B,1,NA,NA
10,154,ABOPOLY,B,1,NA,NA
10,154,WWTP,BA,1,NA,NA
10,162,UIDCEW,R,1,NA,NA
10,162,UIDCEW,B,1,NA,NA
10,162,OJ,B,13,NA,NA
10,162,OJGL,B,3,NA,NA
10,162,UIDMAJ,B,2,NA,NA
10,162,CP,B,2,NA,NA
10,162,CP,BA,1,NA,NA
10,162,SEVBB,B,1,NA,NA
10,162,PORUID,R,1,NA,NA
10,176,UIDBW,B,1,NA,NA
10,177,OJ,B,2,NA,NA
10,177,LDGLCE,B,3,NA,NA
10,177,ELMOR,R,1,NA,NA
10,178,OJ,R,1,NA,NA
10,178,OJ,B,4,NA,NA
10,178,OJGL,B,3,NA,NA
10,178,MEXRED,BA,1,NA,NA
10,178,LDGLCE,B,1,NA,NA
10,178,ELMOR,B,1,NA,NA
10,178,DELFTPOLY,B,1,NA,NA
10,178,UIDMEX,R,1,NA,NA
10,178,UIDMEX,B,2,NA,NA
10,178,UIDPUE,B,1,NA,NA
10,178,UIDPOLY,B,1,NA,NA
10,178,SEVBB,B,1,NA,NA
10,178,PUEPOLY,B,1,NA,NA
10,180,OJ,B,4,NA,NA
10,180,OJGL,B,2,NA,NA
10,180,MEXRED,B,2,NA,NA
10,180,UIDMAJ,R,1,NA,NA
10,180,UIDMAJ,B,1,NA,NA
10,180,CP,B,1,NA,NA
10,180,SEVBB,R,1,NA,NA
3,88,SLIPSTF,B,1,NA,NA
NA,88,PW,R,1,NA,NA
NA,88,PW,B,3,NA,NA
NA,88,REFEWTP,B,4,NA,NA
NA,88,REFEWHP,R,1,GAUDY DUTCH,NA
NA,92,OJGL,B,1,NA,NA
NA,92,CW,B,3,NA,NA
NA,92,PWA,B,1,NA,NA
NA,92,REFEWTP,B,1,NA,NA
NA,94,OJ,B,4,NA,NA
NA,94,SSJ,B,1,NA,NA
NA,94,MEXRED,B,2,NA,NA
NA,94,SLIPSTF,R,1,NA,NA
NA,94,LDGLCE,B,1,RED WARE,NA
NA,94,CP,R,2,NA,NA
NA,94,AUCILLA,B,1,NA,NA
NA,94,PUEBW,BA,1,NA,NA
NA,94,CW,R,1,NA,NA
NA,94,CW,B,4,NA,NA
NA,94,CW,BA,1,NA,NA
NA,94,PW,B,2,NA,NA
NA,94,PWSE,R,1,NA,NA
NA,94,PWA,R,1,NA,NA
NA,94,REFEWTP,B,1,NA,NA
NA,94,BLGRBACIN,B,1,NA,NA
NA,94,WSGS,B,3,NA,NA
NA,96,UIDCEW,R,1,NA,NA
NA,96,OJ,B,15,NA,NA
NA,96,SSJ,B,5,NA,NA
NA,96,MEXRED,B,1,NA,NA
NA,96,LDGLCE,B,2,NA,NA
NA,96,SLIPSTF,B,1,NA,NA
NA,96,ELMOR,B,1,NA,NA
NA,96,DELFT,B,1,NA,NA
NA,96,UIDBW,R,1,NA,NA
NA,96,UIDBW,B,5,NA,NA
NA,96,CP,R,1,NA,NA
NA,96,STODOM,B,2,NA,NA
NA,96,ICHBW,R,1,NA,NA
NA,96,ICHBW,B,1,NA,NA
NA,96,CW,B,8,NA,NA
NA,96,CW,BA,3,NA,NA
NA,96,CW,R,1,GR EDGE,NA
NA,96,PW,B,4,NA,NA
NA,96,PWHP,R,2,NA,NA
NA,96,REFEW,B,1,GAUDY DUTCH,NA
NA,96,WWTP,B,1,NA,NA
NA,96,WSGS,B,1,NA,NA
NA,96,PORUID,R,1,NA,NA
NA,96,LUSTER,B,1,NA,NA
NA,98,OJ,R,1,NA,NA
NA,98,OJ,B,5,NA,NA
NA,98,OJGL,B,1,NA,NA
NA,98,SSJ,B,2,NA,NA
NA,98,MEXRED,B,1,NA,NA
NA,98,ELMOR,B,1,NA,NA
NA,98,DELFT,B,3,NA,NA
NA,98,UIDBW,B,1,NA,NA
NA,98,UIDMAJ,B,1,NA,NA
NA,98,AUCILLA,BA,1,NA,NA
NA,98,CW,R,3,NA,NA
NA,98,CW,B,5,NA,NA
NA,98,CW,BA,9,NA,NA
NA,98,PW,B,2,NA,NA
NA,98,PWHP,B,1,NA,NA
NA,98,PWSE,B,1,NA,NA
NA,98,PORMING,R,2,NA,NA
NA,98,POROG,B,1,NA,NA
NA,100,UIDCEW,B,1,NA,NA
NA,100,OJ,B,3,NA,NA
NA,100,OJGL,B,1,NA,NA
NA,100,SLIPSTF,B,2,NA,NA
NA,100,DELFT,B,1,NA,NA
NA,100,DELFTBW,B,2,NA,NA
NA,100,UIDMAJ,B,1,NA,NA
NA,100,CW,B,11,NA,NA
NA,100,CW,BA,1,NA,NA
NA,100,REFEW,B,1,HP,NA
NA,100,REFEWTP,B,1,NA,NA
NA,100,REFEWTP,B,1,BR BAND,NA
NA,100,REFEWTP,B,1,BR/GR,NA
NA,100,WSGS,B,1,NA,NA
NA,100,PORUID,B,1,NA,NA
NA,100,POREXP,B,2,NA,NA
NA,80,MEXRED,R,1,NA,NA
NA,80,LDGLCE,B,1,NA,NA
NA,80,SLIPSTF,B,1,NA,NA
NA,80,SLIPSTF,B,2,NA,NA
NA,80,ELMOR,R,1,NA,NA
NA,80,ELMOR,B,1,NA,NA
NA,80,CP,R,1,NA,NA
NA,80,ICHBW,B,1,NA,NA
NA,80,CW,B,4,NA,NA
NA,80,REFEW,B,1,NA,NA
NA,103,OJ,B,4,NA,NA
NA,103,OJGL,B,1,NA,NA
NA,103,SSJ,B,1,NA,NA
NA,103,GUADA,R,1,NA,NA
NA,103,GUADA,B,1,NA,NA
NA,103,BLGCE,B,2,NA,NA
NA,103,DELFT,R,2,NA,NA
NA,103,UIDBW,B,1,NA,NA
NA,103,SLPOLY,B,1,NA,NA
NA,103,PUEBW,B,2,NA,NA
NA,103,UIDBW,B,1,NA,NA
NA,103,UIDMAJ,B,1,BR GL,NA
NA,103,CW,R,1,NA,NA
NA,103,CW,B,11,NA,NA
NA,103,WHEILD,B,1,NA,NA
NA,103,PW,B,2,NA,NA
NA,103,PWHP,B,2,EARL,NA
NA,103,PWSE,R,1,NA,NA
NA,103,REFEWTP,B,3,NA,NA
NA,103,NOTT,B,1,NA,NA
NA,103,RHEN,B,1,NA,NA
NA,103,POREUR,R,1,NA,NA
NA,116,OJ,B,7,NA,NA
NA,116,OJGL,B,3,NA,NA
NA,116,SSJ,B,1,NA,NA
NA,116,SLIPSTF,B,1,NA,NA
NA,116,SLIPSTF,B,1,NA,NA
NA,116,UIDMAJ,B,1,NA,NA
NA,116,CW,R,1,NA,NA
NA,116,CW,B,5,NA,NA
NA,116,PW,R,1,NA,NA
NA,116,PW,B,2,NA,NA
NA,116,PW,BA,1,NA,NA
NA,116,PWA,B,1,NA,NA
NA,116,REFEWTP,B,2,NA,NA
NA,116,REFEW,B,1,GAUDY DUTCH,NA
NA,116,POROG,B,1,NA,NA
NA,117,OJ,B,4,NA,NA
NA,117,ORMIC,B,1,NA,NA
NA,117,MEXRED,B,1,NA,NA
NA,117,SLIPSTF,B,3,NA,NA
NA,117,SLIPSTF,B,1,NA,NA
NA,117,ELMOR,B,2,NA,NA
NA,117,MARINE,B,1,POSSIBLE,NA
NA,117,DELFT,R,1,NA,NA
NA,117,UIDMAJ,R,1,NA,NA
NA,117,UIDMAJ,B,1,NA,NA
NA,117,CP,R,1,NA,NA
NA,117,CP,B,1,NA,NA
NA,117,CW,R,1,NA,NA
NA,117,CW,B,4,NA,NA
NA,117,PW,R,1,NA,NA
NA,117,PW,B,1,NA,NA
NA,117,PW,BA,1,NA,NA
NA,117,REFEWTP,B,1,NA,NA
NA,117,REFEW,R,1,GAUDY DUTCH,NA
NA,117,REFEW,B,4,GAUDY DUTCH,NA
NA,117,WSGS,B,1,NA,NA
NA,117,SGS,B,1,GY/BL,NA
NA,117,PORUID,R,1,NA,NA
NA,117,PORUID,B,2,NA,NA
NA,119,UIDCEW,B,1,NA,NA
NA,119,OJ,B,10,NA,NA
NA,119,SSJ,R,1,NA,NA
NA,119,ORMIC,B,3,NA,NA
NA,119,LDGLCE,BA,1,NA,NA
NA,119,ELMOR,HA,1,NA,NA
NA,119,BLGCE,B,1,NA,NA
NA,119,DELFT,R,1,NA,NA
NA,119,PUEBW,R,1,NA,NA
NA,119,REFEW,R,1,NA,NA
NA,119,REFEW,B,9,NA,NA
NA,119,PW,B,2,NA,NA
NA,119,PWSE,R,1,NA,NA
NA,119,REFEWTP,B,2,NA,NA
NA,119,REFEWTP,R,1,RD,NA
NA,119,REFEWTP,BA,1,RD,NA
NA,119,REFEW,B,1,GAUDY DUTCH,NA
NA,119,PORUID,R,1,NA,NA
7,136,UIDMAJ,B,2,NA,NA
NA,136,UIDMAJ,R,1,NA,NA
NA,136,AUCILLA,B,1,NA,NA
NA,136,OJ,R,1,NA,NA
NA,136,OJ,B,54,NA,NA
NA,136,OJGL,B,16,NA,NA
NA,136,SSJ,B,2,NA,NA
NA,136,ORMIC,B,6,NA,NA
NA,136,FELDIN,R,1,NA,NA
NA,136,ELMOR,B,5,NA,NA
NA,136,CP,R,1,NA,NA
NA,136,CP,B,3,NA,NA
NA,136,STODOM,B,2,NA,NA
NA,136,SEVBB,B,1,NA,NA
NA,136,SEVWITE,B,1,NA,NA
NA,136,PW,R,1,NA,NA
NA,136,PWA,R,1,NA,NA
NA,136,WSGS,B,1,NA,NA
NA,137,UIDCEW,B,2,NA,NA
NA,137,OJ,R,1,NA,NA
NA,137,OJ,B,3,NA,NA
NA,137,OJ,B,34,NA,NA
NA,137,OJGL,B,7,NA,NA
NA,137,ORMIC,B,3,NA,NA
NA,137,MEXRED,B,1,NA,NA
NA,137,ELMOR,B,4,NA,NA
NA,137,DELFT,R,4,NA,NA
NA,137,DELFT,B,3,NA,NA
NA,137,DELFTBW,BA,1,NA,NA
NA,137,CP,R,1,NA,NA
NA,137,CP,B,1,NA,NA
NA,137,STODOM,B,2,NA,NA
NA,137,SEVBB,B,2,NA,NA
NA,137,PORUID,R,1,NA,NA
NA,137,PORUID,B,1,NA,NA
NA,140,OJ,B,42,NA,NA
NA,140,OJGL,B,7,NA,NA
NA,140,ORMIC,B,2,NA,NA
NA,140,ELMOR,B,2,NA,NA
NA,140,CP,R,1,NA,NA
NA,140,CAPBLU,R,1,NA,NA
NA,140,YAYAL,BA,1,NA,NA
NA,140,SEVBB,R,3,NA,NA
NA,140,SEVBB,B,1,NA,NA
NA,140,PORUID,R,2,NA,NA
NA,140,PORUID,B,1,NA,NA
NA,139,OJ,B,4,NA,NA
NA,139,OJGL,B,2,NA,NA
NA,106,OJ,B,1,NA,NA
NA,106,ELMOR,B,1,NA,NA
4,102,CP,R,1,NA,NA
4,102,CP,B,1,NA,NA
4,102,GREYW,B,3,NA,NA
4,102,OJ,B,24,NA,NA
4,102,ELMOR,B,2,NA,NA
4,102,PORMING,R,1,NA,NA
4,105,OJ,B,7,NA,NA
4,105,OJGL,R,1,NA,NA
4,105,OJGL,B,2,NA,NA
4,105,ELMOR,B,1,NA,NA
4,130,OJ,B,4,NA,NA
4,130,CP,B,1,NA,NA
4,131,BISQ,B,1,NA,NA
4,121,OJ,B,9,NA,NA
4,121,ORMIC,B,1,NA,NA
4,121,ORMIC,BA,1,NA,NA
4,121,ELMOR,B,1,NA,NA
4,121,CP,R,1,NA,NA
4,121,CP,B,10,NA,NA
4,121,CP,BA,1,NA,NA
4,121,SEVBB,B,1,NA,NA
4,75,GREYW,B,1,NA,NA
4,75,OJ,B,85,NA,NA
4,75,OJGL,B,29,NA,NA
4,75,OJGL,BA,1,NA,NA
4,75,ORMIC,B,2,NA,NA
4,75,LDGLCE,B,1,NA,NA
4,75,MEXRED,B,1,NA,NA
4,75,ELMOR,B,3,NA,NA
4,75,BISQ,R,1,NA,NA
4,75,UIDMAJ,B,1,NA,NA
4,75,UIDMAJ,BA,1,NA,NA
4,75,CP,R,7,NA,NA
4,75,CP,B,6,NA,NA
4,75,CP,BA,2,NA,NA
4,75,STODOM,B,3,NA,NA
4,75,SEVBB,R,2,NA,NA
4,75,SEVBB,B,1,NA,NA
4,75,SEVBB,BA,1,NA,NA
4,82,OJ,B,34,NA,NA
4,82,OJGL,B,17,NA,NA
4,82,ORMIC,R,2,NA,NA
4,82,ORMIC,B,6,NA,NA
4,82,ELMOR,R,1,NA,NA
4,82,ELMOR,B,1,NA,NA
4,82,BISQ,B,1,NA,NA
4,82,FAI,B,1,NA,NA
4,82,UIDBW,B,1,NA,NA
4,82,UIDBW,B,1,NA,NA
4,82,CW,R,1,NA,NA
4,82,CW,B,2,NA,NA
4,82,CW,BA,1,NA,NA
4,82,SEVBB,BA,1,NA,NA
4,82,POROG,R,3,NA,NA
4,89,UIDCEW,B,1,NA,NA
4,89,OJ,B,1,NA,NA
4,89,UIDMAJ,B,1,NA,NA
4,89,UIDMEX,B,1,NA,NA
4,89,PUEBW,B,1,NA,NA
12,183,OJGL,R,1,NA,NA
12,183,OJGL,B,11,NA,NA
12,183,SSJ,B,1,NA,NA
12,183,REY,B,5,NA,NA
12,183,LDGLCE,B,3,NA,NA
12,183,GUADA,R,2,NA,NA
12,183,GUADA,B,4,NA,NA
12,183,CP,B,1,NA,NA
12,183,SEVBB,R,1,NA,NA
12,183,SEVBB,B,1,NA,NA
12,183,AUCILLA,R,1,NA,NA
12,183,PUEBW,R,2,NA,NA
12,183,PUEBW,B,5,NA,NA
12,183,UIDMEX,B,1,NA,NA
12,183,UIDBW,R,3,NA,NA
12,183,UIDBW,B,3,NA,NA
12,183,UIDMAJ,R,1,NA,NA
12,183,UIDMAJ,B,2,NA,NA
12,183,UIDMAJ,B,1,YE,NA
12,183,DELFTBW,B,2,NA,NA
12,183,DELFT,B,2,NA,NA
12,183,BISQ,B,1,NA,NA
12,194,OJGL,B,1,GR,NA
12,194,OJGL,B,1,OR,NA
12,194,OJ,B,64,NA,NA
12,194,MEXRED,B,16,NA,NA
12,194,GUADA,R,13,NA,NA
12,194,OJGL,B,18,NA,NA
12,194,GUADA,B,3,NA,NA
12,194,OJ,B,4,POSSIBLE,NA
12,194,ELMOR,R,2,NA,NA
12,194,ELMOR,B,8,NA,NA
12,194,LDGLCE,R,1,NA,NA
12,194,CP,HA,1,NA,NA
12,194,LIGURIANBB,B,2,NA,NA
12,194,TALLBW,B,1,POSSIBLE,NA
12,194,SLBW,R,2,NA,NA
12,194,SLBW,B,4,NA,NA
12,194,SLPOLY,R,1,NA,NA
12,194,PUEPOLY,B,3,NA,NA
12,194,PUEBW,R,11,NA,NA
12,194,PUEBW,B,10,NA,NA
12,194,SABW,B,1,NA,NA
12,194,UIDMEX,B,1,NA,NA
12,194,ARANAMA,R,1,NA,NA
12,194,ARANAMA,B,4,NA,NA
12,194,UIDMAJ,R,2,NA,NA
12,194,UIDMAJ,B,15,NA,NA
12,194,DELFT,B,1,NA,NA
12,194,BISQ,B,1,NA,NA
12,194,SLIPSTF,B,3,NA,NA
12,194,PWTP,B,1,NA,NA
12,194,WSGS,B,1,NA,NA
12,194,PORUID,R,3,NA,NA
12,194,PORUID,B,10,NA,NA
12,194,PORUID,HA,1,NA,NA
12,196,OJ,B,19,NA,NA
12,196,MEXRED,R,1,NA,NA
12,196,MEXRED,B,7,NA,NA
12,196,ORMIC,BA,1,NA,NA
12,196,GUADA,BA,1,NA,NA
12,196,UIDCEW,B,1,NA,NA
12,196,SLBW,B,2,NA,NA
12,196,FIGSP,R,3,NA,NA
12,196,FIGSP,B,4,NA,NA
12,196,AUCILLA,B,2,NA,NA
12,196,PUEPOLY,R,1,NA,NA
12,196,PUEBW,R,1,NA,NA
12,196,PUEBW,B,3,NA,NA
12,196,ABOPOLY,B,1,NA,NA
12,196,FAIBW,R,1,NA,NA
12,197,OJGL,B,1,NA,NA
12,197,GUADA,B,1,NA,NA
12,197,ELMOR,B,2,NA,NA
12,197,UIDMAJ,B,3,NA,NA
12,197,CP,R,1,NA,NA
12,197,CP,B,2,NA,NA
12,197,STODOM,B,1,NA,NA
12,197,ICHBW,B,4,NA,NA
12,197,BISQ,B,2,NA,NA
12,210,OJ,B,1,NA,NA
13,208,MEXRED,B,1,NA,NA
13,208,NOTT,R,1,NA,NA
13,232,OJ,B,5,NA,NA
13,232,GUADA,B,4,NA,NA
13,232,BLGRBACIN,B,1,NA,NA
13,232,PUEPOLY,B,2,NA,NA
13,232,UIDPUE,B,2,NA,NA
13,265,OJ,R,2,NA,NA
13,265,OJ,B,9,NA,NA
13,265,OJGL,B,6,NA,NA
13,265,MEXRED,R,2,NA,NA
13,265,MEXRED,B,1,NA,NA
13,265,GUADA,R,2,NA,NA
13,265,GUADA,B,3,NA,NA
13,265,ELMOR,R,1,NA,NA
13,265,ELMOR,B,2,NA,NA
13,265,SEVBB,B,1,NA,NA
13,265,SLBW,R,1,NA,NA
13,265,SLPOLY,R,2,NA,NA
13,265,SLPOLY,B,1,NA,NA
13,265,PUEBW,R,2,NA,NA
13,265,PUEBW,B,4,NA,NA
13,265,SABW,B,1,NA,NA
13,265,PLAYA,B,1,NA,NA
13,265,ARANAMA,B,1,NA,NA
13,265,UIDMAJ,R,1,NA,NA
13,265,UIDMAJ,B,1,NA,NA
13,265,PORMING,B,1,NA,NA
13,261,OJ,B,4,NA,NA
13,261,ORMIC,R,1,NA,NA
13,261,MEXRED,B,3,NA,NA
13,261,GUADA,B,1,NA,NA
13,261,OJGL,R,1,NA,NA
13,261,OJGL,B,3,NA,NA
13,261,SSJ,BA,1,NA,NA
13,261,ELMOR,R,1,NA,NA
13,261,ELMOR,BA,1,NA,NA
13,261,LDGLCE,R,1,NA,NA
13,261,STODOM,B,1,NA,NA
13,261,PUEPOLY,B,1,NA,NA
13,261,PUEBW,R,1,NA,NA
13,261,PUEBW,B,3,NA,NA
13,261,UIDMAJ,B,4,NA,NA
13,289,OJGL,R,1,NA,NA
13,289,OJGL,B,4,NA,NA
13,289,MEXRED,B,1,NA,NA
13,289,GUADA,B,1,NA,NA
13,289,ELMOR,B,3,NA,NA
13,289,LDGLCE,BA,1,NA,NA
13,289,LDGLCE,B,1,NA,NA
13,289,YAYAL,R,1,NA,NA
13,289,YAYAL,B,1,NA,NA
13,289,SEVBB,R,1,NA,NA
13,289,SEVBB,B,1,NA,NA
13,289,SLBW,B,1,NA,NA
13,289,SLPOLY,B,1,NA,NA
13,289,FIGSP,R,1,NA,NA
13,289,FIGSP,B,1,NA,NA
13,289,PUEPOLY,R,2,NA,NA
13,289,PUEPOLY,B,1,NA,NA
13,289,PUEBW,B,8,NA,NA
13,289,PUEBW,BA,1,NA,NA
13,289,ABOPOLY,B,1,TYPE II,NA
13,289,UIDMAJ,B,1,NA,NA
13,289,DELFT,B,1,NA,NA
13,289,DELFTBW,B,1,NA,NA
13,289,DELFTPOLY,B,1,NA,NA
13,290,OJ,B,7,NA,NA
13,290,OJGL,B,2,NA,NA
13,290,ELMOR,B,2,NA,NA
13,290,SEM,B,1,NA,NA
13,290,STODOM,B,1,NA,NA
13,290,UIDPOLY,B,1,NA,NA
13,248,LDGLCE,R,1,NA,NA
13,248,LDGLCE,B,1,NA,NA
13,249,OJ,B,13,NA,NA
13,249,OJGL,B,1,NA,NA
13,249,UIDMAJ,B,1,NA,NA
13,250,OJ,B,2,NA,NA
13,250,OJGL,B,1,NA,NA
13,250,MEXRED,B,1,NA,NA
13,250,FIGSP,BA,1,NA,NA
13,250,AUCILLA,R,1,NA,NA
13,291,OJ,B,1,NA,NA
13,291,MEXRED,B,1,NA,NA
13,292,OJ,B,8,NA,NA
13,292,OJGL,B,1,NA,NA
13,292,GUADA,BA,1,NA,NA
13,292,ELMOR,B,5,NA,NA
13,292,ELMOR,BA,1,NA,NA
13,292,LDGLCE,B,4,NA,NA
13,292,LIGURIANBB,B,2,NA,NA
13,292,SEVBB,R,1,NA,NA
13,292,SEVBB,B,1,NA,NA
13,292,PUEPOLY,B,1,NA,NA
13,292,ARANAMA,R,1,NA,NA
13,292,UIDMAJ,B,2,NA,NA
13,323,OJ,B,15,NA,NA
13,323,OJGL,B,5,NA,NA
13,323,MEXRED,B,1,NA,NA
13,323,GUADA,B,1,NA,NA
13,323,ELMOR,B,3,NA,NA
13,323,ICHBW,B,1,NA,NA
13,323,SLBW,B,1,NA,NA
13,323,PUEBW,B,1,POSSIBLE,NA
13,323,UIDMEX,R,1,NA,NA
13,323,UIDPOLY,B,1,NA,NA
13,323,DELFTBW,R,1,NA,NA
13,327,OJ,B,5,NA,NA
13,327,OJGL,B,1,NA,NA
13,327,MEXRED,B,1,NA,NA
13,327,ELMOR,B,1,NA,NA
13,327,CP,B,1,NA,NA
13,327,SEM,R,1,NA,NA
13,327,PUEPOLY,B,1,NA,NA
13,335,OJ,B,14,NA,NA
13,335,ORMIC,R,1,NA,NA
13,335,MEXRED,B,1,NA,NA
13,335,OJGL,R,1,NA,NA
13,335,OJGL,B,4,NA,NA
13,335,ELMOR,R,2,NA,NA
13,335,LDGLCE,B,1,NA,NA
13,335,UIDCEW,B,1,NA,NA
13,335,CP,B,1,NA,NA
13,335,YAYAL,B,1,NA,NA
13,335,ICHBW,B,3,NA,NA
13,335,SLBW,R,1,NA,NA
13,335,SLPOLY,B,1,NA,NA
13,335,PUEPOLY,B,1,NA,NA
13,335,PUEBW,B,3,NA,NA
13,335,UIDBW,B,1,NA,NA
13,339,OJ,R,2,NA,NA
13,339,OJ,B,25,NA,NA
13,339,OJGL,B,10,NA,NA
13,339,MEXRED,B,4,NA,NA
13,339,BLGRBACIN,B,1,NA,NA
13,339,ELMOR,B,2,NA,NA
13,339,ELMOR,BA,1,NA,NA
13,339,LDGLCE,B,2,NA,NA
13,339,CP,B,2,NA,NA
13,339,SEM,B,1,NA,NA
13,339,SEVBB,B,2,NA,NA
13,339,SLPOLY,B,5,NA,NA
13,339,PUEPOLY,B,2,NA,NA
13,339,PUEBW,B,2,NA,NA
13,339,ABOPOLY,B,2,NA,NA
13,339,SABW,R,1,NA,NA
13,339,SABW,B,1,NA,NA
13,339,UIDBW,B,2,NA,NA
13,339,UIDMAJ,R,2,NA,NA
13,339,UIDMAJ,B,4,NA,NA
13,339,UIDPOLY,B,1,NA,NA
13,339,DELFTBW,R,2,NA,NA
13,339,BISQ,B,1,NA,NA
14,383,OJ,B,8,NA,NA
14,383,ELMOR,B,2,NA,NA
14,383,SLBW,R,1,NA,NA
14,383,PUEBW,B,1,NA,NA
14,383,UIDMEX,B,1,NA,NA
14,383,DELFTBW,B,1,NA,NA
15,410,OJ,B,10,NA,NA
15,410,OJGL,B,3,NA,NA
15,410,ORMIC,B,1,NA,NA
15,410,ELMOR,B,1,NA,NA
15,410,SEVBB,B,1,NA,NA
15,410,SLPOLY,B,1,NA,NA
15,410,UIDBW,B,1,NA,NA
15,410,UIDMAJ,B,1,NA,NA
15,375,OJ,B,4,NA,NA
15,375,OJGL,B,1,NA,NA
15,375,BLGRBACIN,B,1,NA,NA
15,375,MEXRED,B,1,NA,NA
15,375,ELMOR,B,1,NA,NA
15,375,SEVBB,B,1,NA,NA
15,375,ICHBW,B,1,NA,NA
15,375,SLBW,BA,2,NA,NA
15,375,SLPOLY,R,1,NA,NA
15,375,CW,HA,1,NA,NA
17,381,OJ,B,10,NA,NA
17,381,ORMIC,B,1,NA,NA
17,381,MEXRED,B,3,NA,NA
17,381,ELMOR,B,3,NA,NA
17,381,ELMOR,BA,1,NA,NA
17,381,LDGLCE,B,6,NA,NA
17,381,OJGL,B,1,NA,NA
17,381,CP,B,1,NA,NA
17,381,ICHBW,B,2,NA,NA
17,381,SLBW,B,1,NA,NA
17,381,SLPOLY,B,1,NA,NA
17,381,PUEBW,B,8,NA,NA
17,381,PUEBW,B,2,NA,NA
17,381,CASTL,B,2,NA,NA
17,381,UIDBW,R,1,NA,NA
17,381,UIDBW,B,2,NA,NA
17,381,UIDPUE,R,1,NA,NA
17,381,UIDPUE,B,1,NA,NA
17,381,UIDMEX,R,1,NA,NA
17,381,UIDMEX,B,1,NA,NA
18,401,OJ,B,17,NA,NA
18,401,OJGL,B,13,NA,NA
18,401,UIDCEW,B,1,NA,NA
18,401,CP,B,1,NA,NA
18,402,LDGLCE,B,2,NA,NA
18,402,CAPBLU,B,1,NA,NA
18,402,SLPOLY,B,1,NA,NA
18,402,ELERS,B,1,NA,NA
18,406,OJ,R,3,NA,NA
18,406,OJ,B,5,NA,NA
18,406,OJGL,B,3,NA,NA
18,406,ELMOR,B,1,NA,NA
18,406,PUEBW,B,1,NA,NA
18,407,OJ,B,3,NA,NA
18,407,SLIPSTF,B,1,NA,NA
18,411,OJ,R,1,NA,NA
18,411,OJ,B,11,NA,NA
18,411,OJGL,B,14,NA,NA
18,411,MARINE,R,2,NA,NA
18,411,MARINE,B,4,NA,NA
18,411,BLGRBACIN,B,5,NA,NA
18,411,ELMOR,B,1,NA,NA
18,411,LDGLCE,R,2,NA,NA
18,411,CAPBLU,R,1,NA,NA
18,411,SLBW,B,3,NA,NA
18,411,SLBW,BA,1,NA,NA
18,411,SLPOLY,BA,1,NA,NA
18,411,PUEPOLY,B,2,NA,NA
18,411,PUEBW,B,1,NA,NA
18,411,UIDBW,R,2,NA,NA
18,411,UIDBW,B,1,NA,NA
18,411,DELFTBW,R,7,NA,NA
18,411,DELFTBW,B,10,NA,NA
18,411,DELFTPOLY,B,4,NA,NA
18,411,DELFT,B,3,NA,NA
18,411,WWTP,R,1,NA,NA
18,411,WW,R,1,NA,NA
18,411,IRNSTN,R,1,NA,NA
18,411,POROG,B,1,NA,NA
18,412,MEXRED,B,1,NA,NA
18,412,LUSTER,B,1,POSSIBLE,NA
18,412,ICHBW,B,1,NA,NA
18,412,UIDMAJ,B,1,OLD WORLD,NA
18,412,UIDMAJ,R,1,NA,NA
18,412,CW,B,1,NA,NA
18,412,CW,BA,2,NA,NA
18,412,REFEW,R,2,GAUDY DUTCH,NA